region_name,share_of_cut,share_of_deaths,share_of_65plus_households
London,0.41372035173472954,0.12827960452483075,0.10958410609088284
South East,0.27471652027444915,0.15983889320734518,0.15519132490527793
East of England,0.08391082862967914,0.09790148364179968,0.0994898909772649
North West,0.05539424377870855,0.12327711732078511,0.11969753502664886
South West,0.05389116414482516,0.08059037694766591,0.08889955836219446
West Midlands,0.029817314041413523,0.07781603558081836,0.08536897285250455
East Midlands,0.026386911291023253,0.05477267228865988,0.06344881643677525
Yorkshire and the Humber,0.025272262761763708,0.08708140294182522,0.08664950495261921
Wales,0.019768586298736197,0.04274417644189344,0.04967326646021397
Scotland,0.015680635689832908,0.10969485357638448,0.1004923293749012
North East,0.0014411813548389043,0.03800338352799214,0.04150469456071696
