band,estates,tax_gbp_m,rnrb_used_gbp_m,A_home_only_gbp_m,B_announced_design_gbp_m,C_threshold_only_gbp_m,estates_paying_nothing_after_B,main_res_share
Under £25k,5580,69.75279,792.4146390610575,24.698822237318993,67.45460492577334,30.825410894654333,5481.4851,1.0
£25k to £50k,4160,156.0,609.3508574712265,64.64404114203033,156.00000000000003,72.56411380708724,4160.0,1.0
£50k to £100k,5880,441.0,894.1168798639233,176.52936804348877,428.4265375557109,167.15675386343375,5054.007,1.0
£100k to £200k,6190,928.5,980.9196240021274,350.73544884277516,767.8115871355217,216.84125595204586,3270.4555499999997,1.0
£200k to £300k,3010,752.5,492.7202299177358,261.9862202048814,502.9187960644329,102.07535653290567,837.4422000000001,1.0
£300k to £500k,2730,1092.0,271.32690761974413,395.96966782439597,626.4555972614729,162.92774245210236,547.2284999999999,1.0
£500k to £1m,1780,1335.0,58.95729349999999,430.57598087824215,593.6266071092123,153.4331876,173.016,1.0
Over £1m,1050,2255.24721,0.0,499.5655092855607,597.5254803983739,104.39352,71.85674999999999,1.0
Under £25k,5580,69.75279,767.2812930683056,21.853310328306122,67.26759092306887,32.499851708975356,5473.5057,0.9
£25k to £50k,4160,156.0,591.2735250592689,58.10912621686282,156.00000000000003,76.82554000371094,4160.0,0.9
£50k to £100k,5880,441.0,871.8658819871488,157.62095145524498,427.5654201336132,175.24916545825675,4993.9133999999995,0.9
£100k to £200k,6190,928.5,963.768570450827,311.448590492368,755.6923795883641,223.7015530068419,3031.1192,0.9
£200k to £300k,3010,752.5,486.5844264711947,231.03877503949707,483.9000541922519,104.52967791152209,695.0391,0.9
£300k to £500k,2730,1092.0,270.9742579008301,357.2628906123679,596.8490177490208,163.06880233966794,438.69735000000003,0.9
£500k to £1m,1780,1335.0,58.95724998136972,391.52553643123514,558.2810614064081,153.4332050074521,129.7976,0.9
Over £1m,1050,2255.24721,0.0,455.4378119434629,555.1606952141278,104.39352,53.12475,0.9
Under £25k,5580,69.75279,752.4061072251379,20.30127700226391,67.15831616780768,33.467561691147004,5469.5997,0.85
£25k to £50k,4160,156.0,580.4405735199366,54.49050023040111,156.00000000000003,79.31741377281952,4160.0,0.85
£50k to £100k,5880,441.0,858.3368160157402,147.23706019807955,427.01962520177466,180.11474785514577,4957.2516,0.85
£100k to £200k,6190,928.5,952.9431111726471,290.1885547618819,748.6001493533621,228.03151175039372,2902.9862,0.85
£200k to £300k,3010,752.5,482.5948690184308,214.60083448998327,473.30213344340746,106.12550089262767,620.662,0.85
£300k to £500k,2730,1092.0,270.70436977462975,336.6231282970901,580.5681249850819,163.17675759014813,386.4861,0.85
£500k to £1m,1780,1335.0,58.95721778796029,371.15294366276737,539.5854737657912,153.43321788481586,109.4611,0.85
Over £1m,1050,2255.24721,0.0,432.59716373865353,533.1036687152811,104.39352,44.33625,0.85
