method,responsive_base,elasticity,extra_wealth,tax_offset,tax_offset_from_static_nonpayers,new_payers,share_of_baseline_tax,share_of_remaining_tax,illustrative_2029_30_gbp
marginal,ordinary_nonhome,0.0,0.0,0.0,0.0,0.0,0.0,0.0,0.0
marginal,ordinary_nonhome,0.1,749264778.998469,19782305.510474436,3.860552928938158e-11,0.0,0.001608076403623261,0.004418002017276392,22030646.729638677
marginal,ordinary_nonhome,0.2,1485820809.3017647,40417832.44016807,34634.68161619276,62.163861209696705,0.0032855100027759238,0.009026554824969904,45011487.038030155
marginal,ordinary_nonhome,0.3,2197497253.5483108,62490793.4939177,654243.8400475602,72.82343762721422,0.005079790644627095,0.01395613122904953,69593131.8313912
marginal,financial,0.0,0.0,0.0,0.0,0.0,0.0,0.0,0.0
marginal,financial,0.1,556605998.1188781,14848176.100969555,3.860552928938158e-11,0.0,0.001206987811009665,0.003316057975761459,16535733.010832412
marginal,financial,0.2,1101875715.1178095,30310765.927751403,5.349807369630239e-10,0.0,0.0024639204686408658,0.006769333581623906,33755710.42037986
marginal,financial,0.3,1635564828.5538585,46428439.58078948,15245.81776425388,10.659576417517508,0.003774103989415399,0.01036890971167716,51705224.65499096
average,proportional,0.0,0.0,0.0,0.0,0.0,0.0,0.0,0.0
average,proportional,0.1,1007950399.7620492,117202612.41842267,997813.2012710836,291.4594157343319,0.009527239146785778,0.026174976310040628,130523176.31096515
average,proportional,0.2,2015900799.5240984,235462399.36377943,3052800.929475887,535.0671211912129,0.019140414556681747,0.05258605246143367,262223679.42653993
average,proportional,0.3,3023851199.2861443,357187170.7460886,8572773.094633367,1415.4554150495544,0.02903525378523802,0.07977096704253762,397782976.8577609
average,financial,0.0,0.0,0.0,0.0,0.0,0.0,0.0,0.0
average,financial,0.1,1007950399.7620492,189192076.27715582,3588491.1754676416,885.2793215760439,0.015379163639581764,0.04225245506407799,210694541.86227018
average,financial,0.2,2015900799.5240984,401891858.11721736,30684687.91384047,2133.443893233258,0.03266923632861766,0.08975490945424394,447568537.7020619
average,financial,0.3,3023851199.2861443,631709320.5538555,74898565.24878973,3404.4633798593964,0.05135078172732027,0.1410802725224063,703505709.6642877
