weight_basis,share_moved,tax_loss,share_of_remaining_tax,share_of_baseline_tax
stock,0.075,22902906948.406487,0.053775961967729505,0.0287644249647334
stock,0.1,30379148973.222027,0.07133015749817916,0.03815405411641432
stock,0.15,45086413194.1207,0.10586277308160945,0.05662533372609646
stock,0.2,59519635001.67383,0.13975193783887116,0.07475243552229886
stock,0.3,87450072856.73726,0.20533252842588515,0.10983108233879042
stock,0.5,139563565141.02652,0.3276948637136548,0.17528192846231921
annual_deaths,0.075,270033653.1052772,0.060306885035212275,0.02195066421923696
annual_deaths,0.1,356351897.67074275,0.07958442467365646,0.028967355585893445
annual_deaths,0.15,527399319.9820672,0.11778461607304787,0.0428715652632632
annual_deaths,0.2,695800768.1424114,0.15539387942664082,0.056560687341539136
annual_deaths,0.3,1016786007.9602805,0.2270798331331197,0.08265313595877262
annual_deaths,0.5,1583905509.9070942,0.3537351970547396,0.12875350017730983
