price_basis,variant,stock_latent_tax_gbp_bn,stock_units_with_any_bill,year_taxpaying_estates_65plus,year_tax_65plus_gbp_bn,tax_share_of_baseline_year,cost_share_of_baseline_year,estates_share_of_baseline_year,cost_share_of_baseline_stock,hmrc_tax_65plus_gbp_bn,hmrc_estates_65plus,implied_cost_on_hmrc_65plus_gbp_bn
2023-24 validation basis,baseline (current law),550.1662365164098,1604250.5363229818,42415.15572218305,9.011356335339798,1.0,0.0,1.0,0.0,6.222137,26474.34,0.0
2023-24 validation basis,"Conservative design: home exempt to descendants, NRB £500k each, no RNRB",274.3536847735389,556536.3824937885,10765.697988363301,3.095928756313627,0.3435585766564725,0.6564414233435275,0.2538172453940293,0.5013258419660296,6.222137,26474.34,4.084468468518426
2023-24 validation basis,as Conservative design but home exempt whoever inherits,235.44566160998042,408484.74864211096,6998.924203418917,2.4060615837823054,0.2670032672380809,0.7329967327619191,0.16500998485686313,0.5720463271232425,6.222137,26474.34,4.560806091797049
2023-24 validation basis,"threshold half only: NRB £500k each, no RNRB, home taxable",485.92176613796323,1388285.4115385697,37677.767257593565,7.906346815723093,0.8773758934286957,0.12262410657130429,0.8883090634956259,0.11677283358069235,6.222137,26474.34,0.7629839905892556
2023-24 validation basis,"full exemption, uncapped, any heir",302.7556086453169,748017.4399895677,15449.671316852618,3.4991232070894407,0.3883015027789928,0.6116984972210072,0.3642488410993259,0.44970158372071123,6.222137,26474.34,3.8060718524032264
2023-24 validation basis,"full exemption, uncapped, direct descendants only",366.614961860282,1036138.1374403939,22386.01352590154,4.743318712324459,0.5263712293478626,0.4736287706521374,0.5277833629217044,0.3336287515903441,6.222137,26474.34,2.9469830981391785
2023-24 validation basis,exemption capped at £500k of home value,418.35691410547935,1033293.2469518323,23597.13988978074,5.97083244373246,0.6625897613566419,0.33741023864335806,0.5563374574018003,0.2395809005756735,6.222137,26474.34,2.099412730041668
2023-24 validation basis,exemption capped at £1m of home value,340.2604273711168,781192.5801423774,16862.339755043256,4.335329541196652,0.48109622790021167,0.5189037720997883,0.39755458792820797,0.3815316084723641,6.222137,26474.34,3.2286903598216603
2023-24 validation basis,exemption capped at £2m of home value,310.0475602313558,748971.2798628852,15559.331402509739,3.615075391593745,0.401168842632104,0.5988311573678959,0.36683423973313944,0.4364474959522383,6.222137,26474.34,3.726009501011608
"April 2027, pensions in estate",baseline (current law),796.2233549423137,2057564.0429203012,51859.06994041847,12.3018442817155,1.0,0.0,1.0,0.0,,,
"April 2027, pensions in estate","Conservative design: home exempt to descendants, NRB £500k each, no RNRB",425.89488147418484,768087.231402229,14336.471335094686,4.477658777229309,0.36398272280885163,0.6360172771911483,0.2764506064525653,0.465106268447701,,,
"April 2027, pensions in estate",as Conservative design but home exempt whoever inherits,372.9921537343544,582684.2503302841,9894.529778309632,3.5592666680100806,0.28932789153414146,0.7106721084658585,0.19079651427759078,0.53154833826574,,,
"April 2027, pensions in estate","threshold half only: NRB £500k each, no RNRB, home taxable",711.1811025835499,1792595.8956240679,45707.32950634051,10.918287181200304,0.8875325464352034,0.1124674535647966,0.8813758048274724,0.10680703075448605,,,
"April 2027, pensions in estate","full exemption, uncapped, any heir",470.5427535807087,1052414.5575852606,19920.336152310378,5.056791065451007,0.41105958989962393,0.5889404101003761,0.38412443908456323,0.40903171119013526,,,
"April 2027, pensions in estate","full exemption, uncapped, direct descendants only",553.1088332406082,1383449.8317866216,28451.259581909886,6.6449580027538895,0.5401594956481798,0.4598405043518202,0.5486264912694712,0.3053345775310988,,,
"April 2027, pensions in estate",exemption capped at £500k of home value,625.4889531462482,1418113.9405844947,32943.57145927385,8.41958114244108,0.6844161696108678,0.3155838303891322,0.6352518758458864,0.2144302860953322,,,
"April 2027, pensions in estate",exemption capped at £1m of home value,519.9679614362814,1100060.6695125028,21554.70972662861,6.192859971845628,0.5034090685939028,0.4965909314060972,0.4156401137041811,0.3469571594342984,,,
"April 2027, pensions in estate",exemption capped at £2m of home value,480.8246625252994,1053502.756424686,20043.772838446894,5.241296848762527,0.42605781123020564,0.5739421887697944,0.3865046724030229,0.39611836359643693,,,
"April 2027 prices, pensions outside estate",baseline (current law),711.3387160952736,1894740.0681377933,50498.10387398039,11.775088337775845,1.0,0.0,1.0,0.0,,,
"April 2027 prices, pensions outside estate","Conservative design: home exempt to descendants, NRB £500k each, no RNRB",373.3395677999524,660540.3697138182,13117.998779579906,4.156011867907459,0.3529495277393795,0.6470504722606205,0.2597721057471046,0.47515921831260355,,,
"April 2027 prices, pensions outside estate",as Conservative design but home exempt whoever inherits,325.2521101171138,485288.9699390082,8689.705601851021,3.2653978011829587,0.2773140810083934,0.7226859189916066,0.17207983934478915,0.5427605685481192,,,
"April 2027 prices, pensions outside estate","threshold half only: NRB £500k each, no RNRB, home taxable",635.6977263661461,1645141.9633659013,44592.168923708814,10.444802876794792,0.8870254368527034,0.11297456314729659,0.8830464018013424,0.10633610686107597,,,
"April 2027 prices, pensions outside estate","full exemption, uncapped, any heir",405.4126235773097,874866.6577751264,18851.476750000325,4.673482811818382,0.3968957750257643,0.6031042249742358,0.37331058601813605,0.4300709150167914,,,
"April 2027 prices, pensions outside estate","full exemption, uncapped, direct descendants only",482.7088545460791,1208823.8628765563,27332.60287175989,6.226504144407907,0.528786193852369,0.471213806147631,0.5412599835425358,0.3214078699444398,,,
"April 2027 prices, pensions outside estate",exemption capped at £500k of home value,552.9427470111143,1258354.9513269733,31436.01097190513,7.9932874047077105,0.6788303556979968,0.32116964430200323,0.6225186405088532,0.22267306066740844,,,
"April 2027 prices, pensions outside estate",exemption capped at £1m of home value,453.8878369260211,923767.3747823455,20487.69115418252,5.8056195005485955,0.4930425432073827,0.5069574567926173,0.4057120878302718,0.36192445784825056,,,
"April 2027 prices, pensions outside estate",exemption capped at £2m of home value,415.6945325219004,875954.8566145515,18974.91343613684,4.857988595129904,0.41256493843404257,0.5874350615659574,0.37575496861207575,0.4156166069467474,,,
