region,annual_saving_gbp,share_of_annual_saving,share_of_households
1,41903036.59582335,0.005346432666798387,0.04360343152863991
2,262905499.33372802,0.03354426466694034,0.10542760235504153
4,151387611.21473685,0.01931563284432035,0.07947611293010402
5,231707029.7780901,0.029563633897975894,0.06648901619373535
6,300370861.7446593,0.038324491918709694,0.08714891622583998
7,743983830.2754254,0.09492532706211539,0.09885682130997686
8,3145224968.422331,0.4013010722301488,0.11019518972831636
9,2026998518.9435875,0.258625913003931,0.16184600815716044
10,596669525.1569049,0.07612940969771925,0.09950142186970126
11,188396114.4468215,0.02403756916931339,0.05695651982737009
12,148022315.68575233,0.018886252842027464,0.09049895987411412
