unweighted_households,represented_households,represented_people_65plus,baseline_annual_tax_gbp,reform_annual_tax_gbp,cost_share,cost_at_13_7bn_receipts,baseline_annual_taxpaying_estates,reform_annual_taxpaying_estates,stock_baseline_tax_gbp,stock_reform_tax_gbp,weighted_homeownership,london_south_east_benefit_share,hmrc_comparable_tax_gbp,hmrc_comparable_estates,tax_to_hmrc_ratio,estates_to_hmrc_ratio,round,basis,scenario
8065,9385507.779706772,12812471.997763798,10101204558.361914,4139129511.362176,0.5902340668929679,8086206716.43366,40431.354848488445,12220.277240590927,404730480022.23425,201510035017.37198,0.7573664928449344,0.31352641116908503,6222137000.0,26474.34,1.623430110645573,1.5271902849509542,7,2023_24,central
8065,9385507.779706772,12812471.997763798,9519921618.19804,3567933382.5490346,0.6252139959084679,8565431743.946011,40429.36273863204,12181.872503987044,357490102335.896,155874232834.3057,0.7573664928449344,0.31534564298898393,6222137000.0,26474.34,1.5300083585748818,1.5271150381324723,7,2023_24,without_pareto
8065,9986600.050685078,13591794.291575206,13389096306.113472,5551526994.515611,0.5853695523886269,8019562867.724188,51339.59011951209,15577.421487040929,589825758798.6631,323109170347.8642,0.7576117920343469,0.30840097969978564,,,,,7,2027_28,central
8065,9986600.050685078,13591794.291575206,12661916298.2673,4834445319.826153,0.618190074397529,8469204019.246148,51317.645050616185,15570.886480954729,531916570272.4217,266367018438.51636,0.7576117920343469,0.3091997210074907,,,,,7,2027_28,without_pareto
8065,9986600.050685078,13591794.291575206,13347416701.18134,5534637268.296879,0.585340190375039,8019160608.138035,51294.67567982375,15576.399149053546,588993202973.9514,322858461029.8026,0.7576117920343469,0.3084912784324319,,,,,7,2027_28,physical_not_bridged
7466,9502422.055117618,12812472.0131842,9011356335.339798,3095928756.3136272,0.6564414233435275,8993247499.806326,42415.15572218305,10765.697988363301,539496038545.21436,289844423882.4859,0.72620503330836,0.27814330034652335,6222137000.0,26474.34,1.4482735329260346,1.6021232530134104,8,2023_24,central
7466,9502422.055117618,12812472.0131842,7990185757.875209,2202734425.0461946,0.724319998083254,9923183973.74058,42385.97507981368,10337.293242356389,406883297266.5362,168934547484.21683,0.72620503330836,0.27687900275702104,6222137000.0,26474.34,1.2841545851329228,1.6010210294123925,8,2023_24,without_pareto
7466,10111003.039122904,13591794.309951436,12301844281.7155,4477658777.229309,0.6360172771911483,8713436697.518732,51859.06994041847,14336.471335094686,794709307163.1896,460194354047.2397,0.7261691836057326,0.2742403212538966,,,,,8,2027_28,central
7466,10111003.039122904,13591794.309951436,11041775798.451668,3286897670.1341324,0.7023216437164901,9621806518.915915,51859.06994041847,13970.747398080857,625588820327.1104,295666607128.0558,0.7261691836057326,0.2725499522042393,,,,,8,2027_28,without_pareto
