constituency,code,region,population_65_plus,hmrc_liable_estates_2023_24,hmrc_suppressed_and_imputed,liable_per_1000_over_65,implied_wealth_multiplier,outside_modelled_range,pct_over_65_households_facing_a_bill,pct_of_adults_living_in_such_a_household,pct_band_0,pct_band_1,pct_band_2,pct_band_3,pct_band_4,pct_band_5,pct_band_6
Wimbledon,E14001040,London,14874,135.0,no,9.076,2.624,no,55.4,13.3,44.56,1.22,3.96,4.76,8.39,16.02,21.1
Richmond Park,E14000896,London,20106,162.0,no,8.057,2.338,no,51.2,14.1,48.84,1.14,4.31,4.68,8.69,14.62,17.71
Esher and Walton,E14000697,South East,21632,167.0,no,7.72,2.269,no,50.2,15.5,49.81,1.23,4.3,4.71,8.74,14.32,16.89
Cities of London and Westminster,E14000639,London,14118,103.0,no,7.296,2.157,no,48.4,9.1,51.63,1.28,4.32,4.83,8.65,13.7,15.58
Battersea,E14000549,London,11132,81.0,no,7.276,2.152,no,48.3,6.6,51.73,1.28,4.33,4.85,8.63,13.66,15.52
Twickenham,E14001005,London,20156,142.0,no,7.045,2.095,no,47.2,13.3,52.81,1.25,4.37,4.96,8.48,13.27,14.86
Ealing Central and Acton,E14000674,London,16304,112.0,no,6.869,2.054,no,46.4,9.1,53.58,1.24,4.38,5.05,8.39,12.98,14.38
Finchley and Golders Green,E14000703,London,20478,139.0,no,6.788,2.035,no,46.1,12.2,53.93,1.25,4.35,5.11,8.38,12.83,14.16
Hampstead and Kilburn,E14000727,London,16347,111.0,no,6.79,2.035,no,46.1,9.4,53.92,1.25,4.36,5.11,8.38,12.83,14.16
Tooting,E14000998,London,10694,72.0,no,6.733,2.022,no,45.8,7.2,54.17,1.25,4.34,5.14,8.37,12.72,14.0
Chesham and Amersham,E14000631,South East,22031,146.0,no,6.627,1.997,no,45.4,16.7,54.63,1.25,4.31,5.21,8.36,12.53,13.71
Kensington,E14000768,London,15301,100.0,no,6.536,1.977,no,45.0,10.0,55.01,1.26,4.29,5.27,8.34,12.37,13.47
Mole Valley,E14000824,South East,24285,156.0,no,6.424,1.956,no,44.6,17.6,55.39,1.26,4.26,5.33,8.33,12.2,13.22
Putney,E14000887,London,11725,75.0,no,6.397,1.951,no,44.5,8.2,55.49,1.26,4.26,5.34,8.33,12.16,13.16
St Albans,E14000960,East of England,17582,112.0,no,6.37,1.946,no,44.4,12.3,55.58,1.26,4.25,5.36,8.33,12.12,13.1
Beaconsfield,E14000550,South East,24067,150.0,no,6.233,1.921,no,43.9,16.0,56.05,1.25,4.27,5.39,8.28,11.95,12.8
Chelsea and Fulham,E14000629,London,14611,91.0,no,6.228,1.92,no,43.9,9.7,56.07,1.25,4.27,5.39,8.27,11.95,12.79
Runnymede and Weybridge,E14000907,South East,20292,124.0,no,6.111,1.898,no,43.5,12.4,56.46,1.22,4.4,5.35,8.15,11.89,12.53
Beckenham,E14000551,London,18583,112.0,no,6.027,1.882,no,43.3,14.0,56.75,1.2,4.49,5.31,8.07,11.84,12.34
Epsom and Ewell,E14000694,South East,22566,131.0,no,5.805,1.841,no,42.5,14.0,57.52,1.14,4.74,5.22,7.84,11.71,11.83
South West Hertfordshire,E14000951,East of England,22562,131.0,no,5.806,1.841,no,42.5,13.9,57.51,1.14,4.74,5.22,7.84,11.71,11.83
Hitchin and Harpenden,E14000749,East of England,20058,116.0,no,5.783,1.836,no,42.4,13.6,57.6,1.13,4.77,5.21,7.82,11.7,11.77
Chipping Barnet,E14000636,London,21538,124.0,no,5.757,1.831,no,42.3,12.6,57.69,1.13,4.8,5.2,7.79,11.68,11.71
Bromley and Chislehurst,E14000604,London,16127,91.0,no,5.643,1.808,no,41.9,11.5,58.12,1.09,4.93,5.15,7.66,11.62,11.43
Cambridge,E14000617,East of England,15691,88.0,no,5.608,1.801,no,41.8,7.5,58.25,1.08,4.98,5.14,7.62,11.59,11.34
Brentwood and Ongar,E14000594,East of England,21104,118.0,no,5.591,1.797,no,41.7,14.3,58.33,1.09,4.97,5.13,7.61,11.57,11.3
Enfield Southgate,E14000692,London,18557,104.0,no,5.604,1.8,no,41.7,12.6,58.27,1.08,4.97,5.14,7.62,11.59,11.33
South West Surrey,E14000953,South East,23870,132.0,no,5.53,1.785,no,41.4,14.5,58.64,1.11,4.93,5.13,7.56,11.46,11.17
Hornsey and Wood Green,E14000752,London,16267,88.0,no,5.41,1.761,no,40.8,8.7,59.24,1.15,4.87,5.11,7.47,11.26,10.9
Hammersmith,E14000726,London,12901,70.0,no,5.426,1.764,no,40.8,6.8,59.16,1.15,4.88,5.12,7.48,11.28,10.94
Kingston and Surbiton,E14000770,London,19050,102.0,no,5.354,1.749,no,40.5,9.9,59.52,1.17,4.84,5.11,7.42,11.16,10.78
Westminster North,E14001036,London,13809,74.0,no,5.359,1.75,no,40.5,7.6,59.5,1.17,4.84,5.11,7.43,11.17,10.79
Dulwich and West Norwood,E14000673,London,12430,66.0,no,5.31,1.74,no,40.3,7.2,59.74,1.19,4.82,5.1,7.39,11.09,10.68
Brighton Pavilion,E14000598,South East,12330,65.0,no,5.272,1.733,no,40.1,7.1,59.93,1.2,4.8,5.1,7.36,11.02,10.59
Bristol North West,E14000600,South West,18984,100.0,no,5.268,1.732,no,40.0,11.0,59.95,1.2,4.79,5.1,7.35,11.02,10.58
Reigate,E14000893,South East,20291,105.0,no,5.175,1.705,no,39.4,11.8,60.61,1.25,4.72,5.08,7.25,10.79,10.29
Oxford West and Abingdon,E14000874,South East,23063,119.0,no,5.16,1.701,no,39.3,13.1,60.72,1.26,4.71,5.08,7.23,10.75,10.24
Bristol West,E14000602,South West,10816,55.0,no,5.085,1.678,no,38.7,4.3,61.28,1.29,4.67,5.06,7.14,10.58,9.99
Guildford,E14000719,South East,20192,102.0,no,5.052,1.668,no,38.5,10.6,61.52,1.28,4.68,5.02,7.1,10.52,9.88
Sutton and Cheam,E14000984,London,17499,88.0,no,5.029,1.661,no,38.3,10.5,61.69,1.28,4.68,4.99,7.07,10.49,9.8
Brentford and Isleworth,E14000593,London,18629,93.0,no,4.992,1.65,no,38.0,7.9,61.95,1.27,4.69,4.95,7.02,10.43,9.68
Streatham,E14000978,London,11221,56.0,no,4.991,1.65,no,38.0,5.7,61.96,1.27,4.69,4.95,7.02,10.43,9.67
Hertsmere,E14000745,East of England,20452,100.0,no,4.889,1.619,no,37.3,11.5,62.7,1.25,4.72,4.84,6.9,10.27,9.33
Bath,E14000547,South West,16193,79.0,no,4.879,1.616,no,37.2,9.4,62.78,1.24,4.72,4.83,6.88,10.26,9.29
Ruislip Northwood and Pinner,E14000906,London,21550,105.0,no,4.872,1.614,no,37.2,13.0,62.82,1.24,4.72,4.82,6.88,10.25,9.27
Woking,E14001047,South East,19387,94.0,no,4.849,1.608,no,37.0,10.5,62.97,1.24,4.73,4.8,6.85,10.22,9.2
Holborn and St Pancras,E14000750,London,15348,74.0,no,4.821,1.601,no,36.9,6.6,63.14,1.23,4.73,4.77,6.82,10.18,9.13
Chichester,E14000633,South East,32751,157.0,no,4.794,1.594,no,36.7,15.9,63.31,1.23,4.74,4.74,6.79,10.14,9.04
Maidenhead,E14000803,South East,21691,104.0,no,4.795,1.594,no,36.7,11.8,63.3,1.23,4.74,4.74,6.79,10.15,9.05
Winchester,E14001041,South East,22993,110.0,no,4.784,1.591,no,36.6,12.9,63.37,1.23,4.74,4.73,6.78,10.13,9.02
Sevenoaks,E14000918,South East,21610,103.0,no,4.766,1.587,no,36.5,13.2,63.48,1.22,4.75,4.72,6.76,10.11,8.96
Tunbridge Wells,E14001004,South East,21479,102.0,no,4.749,1.582,no,36.4,11.9,63.59,1.22,4.75,4.7,6.74,10.08,8.91
Chingford and Woodford Green,E14000634,London,16408,78.0,no,4.754,1.584,no,36.4,10.4,63.56,1.22,4.75,4.7,6.75,10.09,8.93
Henley,E14000742,South East,25909,120.0,no,4.632,1.552,no,35.6,13.9,64.38,1.2,4.72,4.6,6.69,9.82,8.59
East Surrey,E14000681,South East,24179,112.0,no,4.632,1.552,no,35.6,11.8,64.38,1.2,4.72,4.6,6.69,9.82,8.59
Hackney North and Stoke Newington,E14000720,London,11563,53.0,no,4.584,1.539,no,35.3,5.1,64.72,1.2,4.69,4.56,6.68,9.69,8.46
Epping Forest,E14000693,East of England,19918,91.0,no,4.569,1.536,no,35.2,11.0,64.83,1.19,4.68,4.55,6.68,9.65,8.42
Islington South and Finsbury,E14000764,London,10770,49.0,no,4.55,1.531,no,35.0,5.2,64.96,1.19,4.67,4.53,6.68,9.6,8.37
Hendon,E14000741,London,18642,84.0,no,4.506,1.519,no,34.7,7.0,65.27,1.19,4.65,4.49,6.67,9.48,8.25
Lewisham West and Penge,E14000788,London,12887,56.0,no,4.345,1.473,no,33.5,6.4,66.52,1.16,4.55,4.35,6.64,8.99,7.78
Leyton and Wanstead,E14000790,London,12065,52.0,no,4.31,1.463,no,33.2,6.2,66.8,1.17,4.51,4.34,6.62,8.9,7.66
Tatton,E14000987,North West,22274,95.0,no,4.265,1.45,no,32.9,12.8,67.15,1.2,4.42,4.35,6.57,8.8,7.51
Cheltenham,E14000630,South West,21080,89.0,no,4.222,1.437,no,32.5,10.1,67.48,1.22,4.34,4.36,6.52,8.7,7.37
Croydon South,E14000656,London,22089,91.0,no,4.12,1.408,no,31.8,9.4,68.24,1.28,4.15,4.39,6.41,8.49,7.04
Surrey Heath,E14000983,South East,23345,96.0,no,4.112,1.407,no,31.7,10.3,68.27,1.29,4.14,4.39,6.41,8.48,7.03
Croydon North,E14000655,London,17501,71.0,no,4.057,1.399,no,31.5,6.0,68.49,1.3,4.09,4.4,6.38,8.42,6.94
Lewisham East,E14000787,London,13627,55.0,no,4.036,1.396,no,31.4,6.4,68.57,1.31,4.07,4.4,6.36,8.39,6.9
Enfield North,E14000691,London,14677,58.0,no,3.952,1.384,no,31.1,7.3,68.89,1.33,3.98,4.41,6.32,8.3,6.76
East Hampshire,E14000680,South East,25541,101.0,no,3.954,1.384,no,31.1,12.0,68.88,1.33,3.99,4.41,6.32,8.3,6.77
Horsham,E14000753,South East,25159,98.0,no,3.895,1.376,no,30.9,10.3,69.11,1.35,3.93,4.42,6.28,8.24,6.67
Windsor,E14001042,South East,20806,81.0,no,3.893,1.375,no,30.9,9.3,69.12,1.35,3.93,4.42,6.28,8.24,6.67
Oxford East,E14000873,South East,14636,57.0,no,3.895,1.376,no,30.9,5.3,69.11,1.35,3.93,4.42,6.28,8.24,6.67
Poole,E14000881,South West,23789,92.0,no,3.867,1.372,no,30.8,11.5,69.22,1.36,3.9,4.42,6.27,8.21,6.62
Uxbridge and South Ruislip,E14001007,London,14945,58.0,no,3.881,1.374,no,30.8,6.5,69.16,1.35,3.92,4.42,6.28,8.22,6.65
Altrincham and Sale West,E14000532,North West,19809,76.0,no,3.837,1.367,no,30.6,10.1,69.35,1.34,3.9,4.4,6.25,8.18,6.58
Arundel and South Downs,E14000534,South East,30863,118.0,no,3.823,1.365,no,30.6,14.0,69.41,1.33,3.9,4.39,6.24,8.16,6.56
The Cotswolds,E14000991,South West,28954,111.0,no,3.834,1.367,no,30.6,13.4,69.37,1.34,3.9,4.4,6.25,8.17,6.58
Wycombe,E14001056,South East,17927,68.0,no,3.793,1.361,no,30.5,7.6,69.54,1.31,3.9,4.38,6.22,8.13,6.52
Tottenham,E14001002,London,13484,51.0,no,3.782,1.359,no,30.4,4.8,69.59,1.3,3.9,4.37,6.21,8.12,6.51
Lewisham Deptford,E14000789,London,10122,38.0,no,3.754,1.355,no,30.3,3.8,69.72,1.28,3.9,4.35,6.2,8.09,6.47
Orpington,E14000872,London,19745,74.0,no,3.748,1.354,no,30.3,10.6,69.75,1.28,3.9,4.35,6.19,8.08,6.46
Newbury,E14000830,South East,23186,87.0,no,3.752,1.355,no,30.3,9.9,69.73,1.28,3.9,4.35,6.2,8.08,6.46
Welwyn Hatfield,E14001027,East of England,18454,69.0,no,3.739,1.353,no,30.2,7.8,69.78,1.27,3.9,4.34,6.19,8.07,6.45
Lewes,E14000786,South East,26476,99.0,no,3.739,1.353,no,30.2,13.7,69.78,1.27,3.9,4.34,6.19,8.07,6.45
Wantage,E14001015,South East,25244,94.0,no,3.724,1.351,no,30.1,8.9,69.85,1.26,3.9,4.33,6.18,8.05,6.43
Old Bexley and Sidcup,E14000869,London,17836,66.0,no,3.7,1.344,no,29.9,9.6,70.07,1.23,3.9,4.3,6.15,8.0,6.36
Harrow East,E14000731,London,19654,72.0,no,3.663,1.329,no,29.5,8.4,70.52,1.16,3.9,4.24,6.08,7.89,6.22
New Forest West,E14000828,South East,29432,107.0,no,3.635,1.318,no,29.1,15.6,70.86,1.1,3.9,4.19,6.03,7.81,6.11
East Devon,E14000678,South West,33067,120.0,no,3.629,1.316,no,29.1,12.9,70.91,1.09,3.9,4.18,6.02,7.79,6.09
South Cambridgeshire,E14000934,East of England,25489,92.0,no,3.609,1.312,no,29.0,9.2,71.04,1.07,3.9,4.16,6.01,7.76,6.05
West Dorset,E14001031,South West,34221,123.0,no,3.594,1.308,no,28.9,14.7,71.14,1.06,3.9,4.15,5.99,7.73,6.02
Wealden,E14001023,South East,29202,105.0,no,3.596,1.309,no,28.9,11.9,71.14,1.06,3.9,4.15,5.99,7.74,6.02
Bexleyheath and Crayford,E14000558,London,15895,57.0,no,3.586,1.307,no,28.8,7.7,71.2,1.05,3.9,4.14,5.98,7.72,6.0
Worthing West,E14001055,South East,30024,107.0,no,3.564,1.302,no,28.7,12.9,71.35,1.03,3.9,4.12,5.96,7.69,5.96
Harrow West,E14000732,London,15965,57.0,no,3.57,1.303,no,28.7,6.2,71.3,1.03,3.9,4.13,5.97,7.7,5.97
Croydon Central,E14000654,London,17144,61.0,no,3.558,1.3,no,28.6,6.2,71.38,1.02,3.9,4.12,5.96,7.68,5.95
Walthamstow,E14001013,London,10400,37.0,no,3.558,1.3,no,28.6,4.0,71.39,1.02,3.9,4.12,5.96,7.68,5.95
Stratford-on-Avon,E14000977,West Midlands,28060,99.0,no,3.528,1.294,no,28.4,12.1,71.58,0.99,3.9,4.09,5.93,7.63,5.88
Reading East,E14000889,South East,16052,56.0,no,3.489,1.285,no,28.2,5.8,71.85,0.95,3.9,4.05,5.89,7.56,5.8
Hertford and Stortford,E14000744,East of England,21521,75.0,no,3.485,1.285,no,28.1,8.3,71.87,0.95,3.9,4.05,5.89,7.56,5.8
Sheffield Hallam,E14000922,Yorkshire and the Humber,20129,70.0,no,3.478,1.283,no,28.1,10.0,71.92,0.94,3.9,4.04,5.88,7.54,5.78
Witney,E14001046,South East,26975,94.0,no,3.485,1.284,no,28.1,10.2,71.87,0.95,3.9,4.05,5.89,7.56,5.79
Tonbridge and Malling,E14000997,South East,22134,77.0,no,3.479,1.283,no,28.1,9.3,71.91,0.94,3.9,4.04,5.88,7.55,5.78
Greenwich and Woolwich,E14000718,London,11821,41.0,no,3.468,1.281,no,28.0,3.8,71.98,0.93,3.9,4.03,5.87,7.53,5.76
Aylesbury,E14000538,South East,20700,71.0,no,3.43,1.273,no,27.8,7.3,72.17,0.95,3.89,4.04,5.83,7.44,5.68
Kenilworth and Southam,E14000767,West Midlands,22780,78.0,no,3.424,1.271,no,27.8,10.4,72.2,0.95,3.89,4.04,5.83,7.42,5.67
North Somerset,E14000850,South West,27224,92.0,no,3.379,1.262,no,27.6,11.5,72.42,0.97,3.89,4.05,5.78,7.32,5.58
Ilford South,E14000760,London,15428,52.0,no,3.37,1.26,no,27.5,4.7,72.46,0.97,3.88,4.05,5.77,7.3,5.56
Saffron Walden,E14000910,East of England,25838,87.0,no,3.367,1.259,no,27.5,9.5,72.48,0.97,3.88,4.05,5.77,7.29,5.56
Wokingham,E14001048,South East,20369,68.0,no,3.338,1.253,no,27.4,7.4,72.62,0.99,3.88,4.05,5.74,7.22,5.5
Ealing North,E14000675,London,17980,60.0,no,3.337,1.252,no,27.4,6.0,72.63,0.99,3.88,4.05,5.74,7.22,5.49
Salisbury,E14000912,South West,24250,81.0,no,3.34,1.253,no,27.4,10.4,72.62,0.99,3.88,4.05,5.74,7.22,5.5
Chelmsford,E14000628,East of England,20121,67.0,no,3.33,1.251,no,27.3,7.7,72.67,0.99,3.88,4.05,5.73,7.2,5.48
Carshalton and Wallington,E14000621,London,15391,51.0,no,3.314,1.247,no,27.3,6.6,72.75,1.0,3.88,4.06,5.71,7.16,5.45
Islington North,E14000763,London,10860,36.0,no,3.315,1.248,no,27.3,4.2,72.74,1.0,3.88,4.06,5.71,7.16,5.45
Sutton Coldfield,E14000985,West Midlands,23075,76.0,no,3.294,1.243,no,27.2,10.6,72.85,1.01,3.87,4.06,5.69,7.11,5.41
Christchurch,E14000638,South West,31184,103.0,no,3.303,1.245,no,27.2,14.9,72.8,1.0,3.88,4.06,5.7,7.13,5.43
Stroud,E14000980,South West,26216,86.0,no,3.28,1.24,no,27.1,10.2,72.91,1.01,3.87,4.06,5.68,7.08,5.38
North East Hampshire,E14000844,South East,22876,75.0,no,3.279,1.24,no,27.1,9.3,72.92,1.01,3.87,4.06,5.68,7.08,5.38
North East Somerset,E14000846,South West,22891,75.0,no,3.276,1.239,no,27.1,10.0,72.93,1.01,3.87,4.06,5.68,7.07,5.37
Watford,E14001021,East of England,18886,61.0,no,3.23,1.229,no,26.8,6.4,73.17,1.04,3.86,4.07,5.63,6.96,5.28
Manchester Withington,E14000809,North West,11815,38.0,no,3.216,1.226,no,26.8,4.9,73.24,1.04,3.86,4.07,5.61,6.92,5.25
Hornchurch and Upminster,E14000751,London,22173,71.0,no,3.202,1.222,no,26.7,8.5,73.32,1.05,3.86,4.07,5.6,6.89,5.21
Bournemouth East,E14000584,South West,19675,63.0,no,3.202,1.222,no,26.7,7.8,73.32,1.05,3.86,4.07,5.6,6.89,5.21
Exeter,E14000698,South West,19036,61.0,no,3.204,1.223,no,26.7,6.5,73.31,1.05,3.86,4.07,5.6,6.89,5.22
Eastbourne,E14000684,South East,28665,91.0,no,3.175,1.216,no,26.5,10.8,73.47,1.06,3.86,4.08,5.57,6.81,5.15
Devizes,E14000665,South West,22735,72.0,no,3.167,1.214,no,26.5,9.3,73.51,1.07,3.86,4.08,5.56,6.79,5.14
Romsey and Southampton North,E14000901,South East,21622,68.0,no,3.145,1.209,no,26.4,9.4,73.63,1.08,3.85,4.08,5.53,6.74,5.09
Spelthorne,E14000959,South East,19184,60.0,no,3.128,1.204,no,26.3,7.8,73.73,1.08,3.85,4.09,5.51,6.69,5.05
York Outer,E14001062,Yorkshire and the Humber,24789,77.0,no,3.106,1.199,no,26.2,10.1,73.84,1.09,3.85,4.09,5.49,6.63,5.0
Brighton Kemptown,E14000597,South East,17700,55.0,no,3.107,1.2,no,26.2,7.5,73.84,1.09,3.85,4.09,5.49,6.64,5.0
Southend West,E14000957,East of England,19562,61.0,no,3.118,1.202,no,26.2,9.0,73.78,1.09,3.85,4.09,5.5,6.67,5.03
Macclesfield,E14000802,North West,24189,75.0,no,3.101,1.198,no,26.1,10.2,73.87,1.1,3.84,4.09,5.48,6.62,4.99
Vauxhall,E14001008,London,11328,35.0,no,3.09,1.195,no,26.1,3.6,73.94,1.1,3.84,4.08,5.47,6.59,4.97
Solihull,E14000931,West Midlands,23364,72.0,no,3.082,1.193,no,26.0,9.5,73.99,1.1,3.84,4.07,5.47,6.57,4.96
Westmorland and Lonsdale,E14001037,North West,25069,77.0,no,3.072,1.191,no,25.9,11.8,74.06,1.09,3.84,4.06,5.46,6.54,4.94
City of Chester,E14000640,North West,20560,63.0,no,3.064,1.189,no,25.9,8.0,74.11,1.09,3.85,4.05,5.46,6.52,4.93
Suffolk Coastal,E14000981,East of England,33420,102.0,no,3.052,1.186,no,25.8,12.8,74.19,1.09,3.85,4.03,5.45,6.48,4.92
South East Cambridgeshire,E14000937,East of England,26136,78.0,no,2.984,1.17,no,25.4,8.6,74.64,1.07,3.85,3.94,5.4,6.28,4.82
Mitcham and Morden,E14000823,London,14016,42.0,no,2.997,1.173,no,25.4,5.1,74.56,1.07,3.85,3.95,5.41,6.32,4.84
Bexhill and Battle,E14000557,South East,33502,100.0,no,2.985,1.17,no,25.4,12.3,74.64,1.07,3.85,3.94,5.4,6.28,4.82
Edmonton,E14000687,London,14803,44.0,no,2.972,1.167,no,25.3,5.5,74.72,1.07,3.85,3.92,5.39,6.25,4.8
Rochford and Southend East,E14000899,East of England,19719,58.0,no,2.941,1.16,no,25.1,7.4,74.93,1.06,3.85,3.88,5.37,6.16,4.76
Ealing Southall,E14000676,London,14361,42.0,no,2.925,1.156,no,25.0,5.2,75.04,1.06,3.85,3.85,5.36,6.11,4.74
Maldon,E14000806,East of England,24559,72.0,no,2.932,1.158,no,25.0,10.1,74.99,1.06,3.85,3.86,5.36,6.13,4.75
Hayes and Harlington,E14000737,London,13671,40.0,no,2.926,1.156,no,25.0,4.1,75.03,1.06,3.85,3.85,5.36,6.11,4.74
Broxbourne,E14000606,East of England,19142,56.0,no,2.926,1.156,no,25.0,7.4,75.03,1.06,3.85,3.85,5.36,6.11,4.74
Rushcliffe,E14000908,East Midlands,23411,68.0,no,2.905,1.151,no,24.8,8.8,75.17,1.05,3.85,3.82,5.35,6.05,4.71
Mid Dorset and North Poole,E14000815,South West,23199,67.0,no,2.888,1.148,no,24.7,10.6,75.26,1.05,3.85,3.8,5.34,6.01,4.69
Meon Valley,E14000811,South East,25317,73.0,no,2.883,1.147,no,24.7,9.8,75.28,1.05,3.85,3.8,5.33,6.0,4.69
Feltham and Heston,E14000701,London,17995,52.0,no,2.89,1.148,no,24.7,4.9,75.26,1.05,3.85,3.81,5.34,6.01,4.69
Truro and Falmouth,E14001003,South West,24445,70.0,no,2.864,1.144,no,24.6,9.3,75.37,1.04,3.85,3.78,5.32,5.96,4.67
Brent North,E14000592,London,20354,58.0,no,2.85,1.142,no,24.6,5.5,75.43,1.04,3.85,3.77,5.32,5.93,4.66
Mid Sussex,E14000817,South East,24941,71.0,no,2.847,1.141,no,24.6,8.3,75.44,1.04,3.85,3.77,5.32,5.93,4.65
Leeds North West,E14000780,Yorkshire and the Humber,15891,45.0,no,2.832,1.139,no,24.5,6.7,75.51,1.04,3.85,3.75,5.31,5.9,4.64
Bromsgrove,E14000605,West Midlands,23662,66.0,no,2.789,1.132,no,24.3,9.2,75.69,1.03,3.85,3.71,5.29,5.82,4.6
Warwick and Leamington,E14001019,West Midlands,18614,52.0,no,2.794,1.133,no,24.3,6.6,75.67,1.03,3.85,3.72,5.29,5.83,4.6
Totnes,E14001001,South West,27607,77.0,no,2.789,1.132,no,24.3,11.7,75.69,1.03,3.85,3.71,5.29,5.82,4.6
North West Hampshire,E14000857,South East,24035,67.0,no,2.788,1.132,no,24.3,8.0,75.7,1.03,3.85,3.71,5.29,5.81,4.6
Romford,E14000900,London,18347,51.0,no,2.78,1.131,no,24.3,6.7,75.74,1.03,3.85,3.71,5.29,5.8,4.59
East Worthing and Shoreham,E14000682,South East,22682,63.0,no,2.778,1.13,no,24.3,8.9,75.75,1.03,3.85,3.7,5.29,5.8,4.59
South West Wiltshire,E14000954,South West,26096,72.0,no,2.759,1.128,no,24.2,9.5,75.83,1.02,3.85,3.69,5.28,5.76,4.57
Derbyshire Dales,E14000664,East Midlands,23713,65.0,no,2.741,1.125,no,24.1,10.9,75.9,1.02,3.85,3.67,5.27,5.73,4.56
Bournemouth West,E14000585,South West,20058,55.0,no,2.742,1.125,no,24.1,6.7,75.9,1.02,3.85,3.67,5.27,5.73,4.56
Ceredigion,W07000064,Wales,19159,52.0,no,2.714,1.121,no,24.0,9.8,76.02,1.02,3.86,3.64,5.26,5.67,4.53
North Herefordshire,E14000847,West Midlands,27529,74.0,no,2.688,1.116,no,23.9,11.2,76.13,1.02,3.85,3.63,5.23,5.63,4.5
South Norfolk,E14000941,East of England,29247,79.0,no,2.701,1.118,no,23.9,9.7,76.08,1.02,3.86,3.63,5.25,5.65,4.52
North Dorset,E14000839,South West,28543,77.0,no,2.698,1.118,no,23.9,10.7,76.09,1.02,3.86,3.63,5.25,5.64,4.52
Canterbury,E14000619,South East,23800,64.0,no,2.689,1.117,no,23.9,7.8,76.13,1.02,3.85,3.63,5.23,5.64,4.5
Hemel Hempstead,E14000739,East of England,18004,48.0,no,2.666,1.113,no,23.8,6.4,76.23,1.04,3.83,3.62,5.2,5.62,4.47
Filton and Bradley Stoke,E14000702,South West,17154,46.0,no,2.682,1.115,no,23.8,5.8,76.16,1.03,3.84,3.63,5.22,5.63,4.49
Monmouth,W07000054,Wales,23938,64.0,no,2.674,1.114,no,23.8,10.4,76.19,1.03,3.84,3.62,5.21,5.62,4.48
New Forest East,E14000827,South East,24594,65.0,no,2.643,1.109,no,23.7,10.2,76.32,1.06,3.81,3.62,5.16,5.6,4.43
Thornbury and Yate,E14000994,South West,21739,57.0,no,2.622,1.106,no,23.6,8.5,76.41,1.07,3.79,3.61,5.13,5.58,4.4
Birmingham Edgbaston,E14000560,West Midlands,15680,41.0,no,2.615,1.105,no,23.6,6.1,76.44,1.08,3.79,3.61,5.12,5.58,4.39
North Wiltshire,E14000860,South West,23212,61.0,no,2.628,1.107,no,23.6,8.7,76.39,1.07,3.8,3.61,5.14,5.59,4.41
Meriden,E14000812,West Midlands,23661,62.0,no,2.62,1.106,no,23.6,8.0,76.42,1.08,3.79,3.61,5.13,5.58,4.4
Havant,E14000736,South East,23775,62.0,no,2.608,1.104,no,23.5,9.3,76.47,1.09,3.78,3.61,5.11,5.57,4.38
Torbay,E14000999,South West,27218,70.0,no,2.572,1.098,no,23.4,9.7,76.62,1.11,3.75,3.6,5.05,5.54,4.32
Ilford North,E14000759,London,16130,41.0,no,2.542,1.093,no,23.3,5.4,76.75,1.14,3.73,3.59,5.0,5.52,4.28
Cheadle,E14000627,North West,22176,56.0,no,2.525,1.091,no,23.2,8.6,76.82,1.15,3.72,3.58,4.98,5.51,4.25
Maidstone and The Weald,E14000804,South East,22166,56.0,no,2.526,1.091,no,23.2,7.0,76.81,1.15,3.72,3.58,4.98,5.51,4.25
South Thanet,E14000948,South East,25005,63.0,no,2.519,1.09,no,23.2,9.2,76.84,1.16,3.71,3.58,4.97,5.5,4.24
Daventry,E14000660,East Midlands,24023,60.0,no,2.498,1.087,no,23.1,8.2,76.93,1.17,3.69,3.58,4.93,5.48,4.21
Chippenham,E14000635,South West,23858,60.0,no,2.515,1.089,no,23.1,8.5,76.86,1.16,3.71,3.58,4.96,5.5,4.23
Taunton Deane,E14000988,South West,29777,74.0,no,2.485,1.085,no,23.0,8.7,76.98,1.18,3.68,3.57,4.91,5.47,4.19
Wells,E14001026,South West,30134,75.0,no,2.489,1.085,no,23.0,10.0,76.97,1.18,3.69,3.57,4.92,5.48,4.19
Hastings and Rye,E14000735,South East,25689,64.0,no,2.491,1.086,no,23.0,8.6,76.96,1.18,3.69,3.58,4.92,5.48,4.2
Dagenham and Rainham,E14000657,London,15490,38.0,no,2.453,1.08,no,22.9,5.0,77.12,1.21,3.66,3.57,4.86,5.45,4.14
Norwich South,E14000864,East of England,17728,43.0,no,2.426,1.075,no,22.8,5.8,77.23,1.23,3.64,3.56,4.82,5.43,4.1
Ashford,E14000536,South East,26260,64.0,no,2.437,1.077,no,22.8,7.3,77.19,1.22,3.65,3.56,4.84,5.44,4.12
North East Hertfordshire,E14000845,East of England,22493,55.0,no,2.445,1.078,no,22.8,8.0,77.15,1.21,3.65,3.56,4.85,5.44,4.13
Thirsk and Malton,E14000993,Yorkshire and the Humber,30564,74.0,no,2.421,1.075,no,22.7,10.4,77.25,1.23,3.63,3.56,4.81,5.42,4.09
Fareham,E14000699,South East,24931,60.0,no,2.407,1.072,no,22.7,9.0,77.32,1.25,3.62,3.55,4.79,5.41,4.07
Slough,E14000930,South East,15727,38.0,no,2.416,1.074,no,22.7,4.0,77.27,1.24,3.63,3.56,4.8,5.42,4.08
Skipton and Ripon,E14000928,Yorkshire and the Humber,29490,71.0,no,2.408,1.072,no,22.7,10.1,77.32,1.24,3.62,3.55,4.79,5.41,4.07
Braintree,E14000590,East of England,23342,56.0,no,2.399,1.071,no,22.6,7.9,77.36,1.25,3.61,3.55,4.77,5.4,4.05
Wirral South,E14001043,North West,19022,45.0,no,2.366,1.064,no,22.5,9.2,77.53,1.28,3.58,3.54,4.71,5.37,3.99
Charnwood,E14000625,East Midlands,24251,57.0,no,2.35,1.061,no,22.4,8.3,77.61,1.3,3.56,3.53,4.68,5.36,3.96
Portsmouth South,E14000884,South East,14608,34.0,no,2.327,1.057,no,22.3,4.7,77.72,1.32,3.54,3.53,4.64,5.33,3.92
Huntingdon,E14000757,East of England,25596,59.0,no,2.305,1.053,no,22.2,7.2,77.84,1.34,3.52,3.52,4.59,5.31,3.88
Vale of Glamorgan,W07000078,Wales,23761,55.0,no,2.315,1.055,no,22.2,8.1,77.79,1.33,3.53,3.52,4.61,5.32,3.89
Somerton and Frome,E14000932,South West,30736,71.0,no,2.31,1.054,no,22.2,9.6,77.81,1.34,3.52,3.52,4.6,5.32,3.89
Leeds North East,E14000779,Yorkshire and the Humber,16858,39.0,no,2.313,1.054,no,22.2,6.4,77.79,1.33,3.53,3.52,4.61,5.32,3.89
Hereford and South Herefordshire,E14000743,West Midlands,23987,55.0,no,2.293,1.05,no,22.1,8.6,77.9,1.35,3.51,3.52,4.57,5.3,3.85
Central Devon,E14000623,South West,26933,62.0,no,2.302,1.052,no,22.1,9.5,77.85,1.34,3.52,3.52,4.59,5.31,3.87
Reading West,E14000890,South East,18083,41.0,no,2.267,1.046,no,22.0,5.7,78.03,1.38,3.48,3.51,4.52,5.28,3.81
St Ives,E14000964,South West,25018,56.0,no,2.238,1.04,no,21.8,9.9,78.21,1.35,3.47,3.51,4.48,5.22,3.77
Erith and Thamesmead,E14000696,London,13872,31.0,no,2.235,1.039,no,21.8,4.2,78.24,1.34,3.47,3.51,4.47,5.21,3.76
Hexham,E14000746,North East,23207,52.0,no,2.241,1.04,no,21.8,10.1,78.2,1.35,3.47,3.51,4.48,5.23,3.77
North Thanet,E14000852,South East,25953,58.0,no,2.235,1.039,no,21.8,8.9,78.24,1.34,3.47,3.51,4.47,5.21,3.76
Bracknell,E14000586,South East,19592,44.0,no,2.246,1.041,no,21.8,6.0,78.16,1.36,3.47,3.51,4.49,5.24,3.78
Dover,E14000670,South East,25214,56.0,no,2.221,1.037,no,21.7,8.5,78.33,1.32,3.46,3.51,4.45,5.19,3.74
Coventry South,E14000651,West Midlands,17041,38.0,no,2.23,1.038,no,21.7,4.7,78.27,1.33,3.46,3.51,4.46,5.2,3.75
Eltham,E14000690,London,15261,34.0,no,2.228,1.038,no,21.7,5.5,78.29,1.33,3.46,3.51,4.46,5.2,3.75
Keighley,E14000766,Yorkshire and the Humber,21607,48.0,no,2.222,1.037,no,21.7,7.6,78.33,1.32,3.46,3.51,4.45,5.19,3.74
Bury St Edmunds,E14000613,East of England,29918,66.0,no,2.206,1.034,no,21.6,8.2,78.43,1.29,3.45,3.51,4.43,5.16,3.72
Cardiff South and Penarth,W07000080,Wales,17653,39.0,no,2.209,1.034,no,21.6,5.3,78.41,1.3,3.46,3.51,4.44,5.16,3.73
Harrogate and Knaresborough,E14000730,Yorkshire and the Humber,25268,56.0,no,2.216,1.036,no,21.6,8.0,78.37,1.31,3.46,3.51,4.45,5.18,3.74
Cardiff North,W07000051,Wales,18229,40.0,no,2.194,1.032,no,21.5,6.7,78.51,1.28,3.45,3.51,4.41,5.13,3.71
Banbury,E14000539,South East,24172,53.0,no,2.193,1.031,no,21.5,5.9,78.53,1.27,3.45,3.51,4.41,5.13,3.71
Faversham and Mid Kent,E14000700,South East,23166,51.0,no,2.202,1.033,no,21.5,7.7,78.47,1.29,3.45,3.51,4.42,5.15,3.72
Harwich and North Essex,E14000734,East of England,26129,57.0,no,2.181,1.029,no,21.4,8.9,78.6,1.26,3.44,3.51,4.39,5.11,3.69
Mid Bedfordshire,E14000813,East of England,24299,53.0,no,2.181,1.029,no,21.4,6.5,78.6,1.26,3.44,3.51,4.39,5.1,3.69
Forest of Dean,E14000705,South West,24360,53.0,no,2.176,1.028,no,21.4,8.8,78.64,1.25,3.44,3.51,4.39,5.09,3.68
Rutland and Melton,E14000909,East Midlands,27900,61.0,no,2.186,1.03,no,21.4,8.6,78.57,1.26,3.45,3.51,4.4,5.12,3.7
North Devon,E14000838,South West,26801,58.0,no,2.164,1.026,no,21.3,9.0,78.72,1.23,3.44,3.5,4.37,5.07,3.67
Richmond (Yorks),E14000895,Yorkshire and the Humber,29180,63.0,no,2.159,1.025,no,21.2,9.1,78.76,1.22,3.43,3.5,4.36,5.06,3.66
Stockport,E14000969,North West,13951,30.0,no,2.15,1.023,no,21.2,5.3,78.81,1.21,3.43,3.5,4.35,5.04,3.65
Ludlow,E14000799,West Midlands,28028,60.0,no,2.141,1.021,no,21.1,10.6,78.88,1.19,3.43,3.5,4.34,5.02,3.64
Mid Worcestershire,E14000818,West Midlands,27605,59.0,no,2.137,1.021,no,21.1,8.3,78.9,1.19,3.43,3.5,4.33,5.01,3.64
Shrewsbury and Atcham,E14000926,West Midlands,27049,58.0,no,2.144,1.022,no,21.1,8.0,78.86,1.2,3.43,3.5,4.34,5.03,3.64
Southport,E14000958,North West,25180,54.0,no,2.145,1.022,no,21.1,8.9,78.85,1.2,3.43,3.5,4.34,5.03,3.64
Central Suffolk and North Ipswich,E14000624,East of England,26882,57.0,no,2.12,1.018,no,21.0,8.6,79.02,1.16,3.42,3.5,4.31,4.98,3.61
South Dorset,E14000936,South West,27228,58.0,no,2.13,1.019,no,21.0,9.4,78.95,1.17,3.42,3.5,4.32,5.0,3.63
Bridgwater and West Somerset,E14000595,South West,30458,64.0,no,2.101,1.014,no,20.9,8.4,79.15,1.13,3.41,3.5,4.28,4.94,3.59
Eddisbury,E14000686,North West,24186,51.0,no,2.109,1.015,no,20.9,7.9,79.1,1.14,3.41,3.5,4.29,4.96,3.6
Tiverton and Honiton,E14000996,South West,31015,65.0,no,2.096,1.013,no,20.8,9.4,79.19,1.12,3.41,3.5,4.27,4.93,3.58
Stevenage,E14000968,East of England,17156,36.0,no,2.098,1.013,no,20.8,5.8,79.17,1.12,3.41,3.5,4.27,4.93,3.58
Tewkesbury,E14000990,South West,26338,55.0,no,2.088,1.011,no,20.8,7.6,79.24,1.11,3.41,3.5,4.26,4.91,3.57
Montgomeryshire,W07000063,Wales,17744,37.0,no,2.085,1.011,no,20.7,8.9,79.26,1.1,3.4,3.5,4.26,4.91,3.57
St Austell and Newquay,E14000961,South West,26394,55.0,no,2.084,1.011,no,20.7,7.9,79.27,1.1,3.4,3.5,4.25,4.9,3.57
Wirral West,E14001044,North West,19248,40.0,no,2.078,1.01,no,20.7,9.1,79.31,1.09,3.4,3.5,4.25,4.89,3.56
Folkestone and Hythe,E14000704,South East,30444,63.0,no,2.069,1.008,no,20.6,8.5,79.37,1.08,3.4,3.5,4.23,4.87,3.55
Torridge and West Devon,E14001000,South West,31871,66.0,no,2.071,1.008,no,20.6,9.8,79.36,1.08,3.4,3.5,4.23,4.88,3.55
West Worcestershire,E14001035,West Midlands,29762,61.0,no,2.05,1.004,no,20.5,9.4,79.5,1.05,3.39,3.5,4.2,4.83,3.52
Brent Central,E14000591,London,17210,35.0,no,2.034,1.0,no,20.4,3.6,79.64,1.02,3.38,3.5,4.18,4.79,3.5
Witham,E14001045,East of England,22142,45.0,no,2.032,1.0,no,20.3,7.3,79.65,1.01,3.38,3.5,4.17,4.79,3.49
South Staffordshire,E14000945,West Midlands,25225,51.0,no,2.022,0.997,no,20.3,8.2,79.73,1.01,3.38,3.48,4.16,4.76,3.47
Crawley,E14000652,South East,16737,34.0,no,2.031,1.0,no,20.3,4.7,79.66,1.01,3.38,3.5,4.17,4.79,3.49
Grantham and Stamford,E14000714,East Midlands,26298,53.0,no,2.015,0.995,no,20.2,7.5,79.78,1.01,3.38,3.46,4.16,4.75,3.46
Dwyfor Meirionnydd,W07000061,Wales,16850,34.0,no,2.018,0.996,no,20.2,9.1,79.77,1.01,3.38,3.47,4.16,4.75,3.46
Wolverhampton South West,E14001051,West Midlands,16502,33.0,no,2.0,0.991,no,20.1,6.0,79.91,1.0,3.39,3.42,4.14,4.71,3.42
Rugby,E14000905,West Midlands,21035,42.0,no,1.997,0.99,no,20.1,6.0,79.93,1.0,3.39,3.42,4.14,4.7,3.42
Yeovil,E14001060,South West,28475,57.0,no,2.002,0.992,no,20.1,7.9,79.89,1.0,3.39,3.43,4.14,4.71,3.43
Rayleigh and Wickford,E14000888,East of England,23580,47.0,no,1.993,0.989,no,20.0,7.4,79.96,1.0,3.39,3.41,4.14,4.69,3.41
Broadland,E14000603,East of England,28306,56.0,no,1.978,0.985,no,19.9,8.6,80.08,1.0,3.39,3.37,4.12,4.66,3.38
North Cornwall,E14000837,South West,25833,51.0,no,1.974,0.984,no,19.9,8.7,80.11,1.0,3.4,3.36,4.12,4.65,3.37
Rochester and Strood,E14000898,South East,20310,40.0,no,1.969,0.983,no,19.9,5.5,80.15,0.99,3.4,3.35,4.11,4.64,3.36
High Peak,E14000748,East Midlands,21296,42.0,no,1.972,0.984,no,19.9,7.3,80.13,1.0,3.4,3.36,4.12,4.64,3.37
North West Norfolk,E14000859,East of England,26890,53.0,no,1.971,0.983,no,19.9,8.6,80.14,1.0,3.4,3.35,4.12,4.64,3.36
Fylde,E14000706,North West,26009,51.0,no,1.961,0.98,no,19.8,8.6,80.22,0.99,3.4,3.33,4.11,4.61,3.34
West Suffolk,E14001034,East of England,24948,49.0,no,1.964,0.981,no,19.8,6.4,80.19,0.99,3.4,3.34,4.11,4.62,3.35
Ynys Môn,W07000041,Wales,18949,37.0,no,1.953,0.978,no,19.7,8.6,80.28,0.99,3.4,3.31,4.1,4.59,3.32
Aberconwy,W07000058,Wales,15936,31.0,no,1.945,0.976,no,19.7,8.8,80.34,0.99,3.4,3.29,4.09,4.58,3.31
Isle of Wight,E14000762,South East,42743,83.0,no,1.942,0.975,no,19.6,9.2,80.37,0.99,3.4,3.29,4.09,4.57,3.3
Harborough,E14000728,East Midlands,25240,49.0,no,1.941,0.975,no,19.6,6.9,80.37,0.99,3.4,3.29,4.09,4.57,3.3
Colchester,E14000644,East of England,18139,35.0,no,1.93,0.972,no,19.5,4.6,80.47,0.98,3.4,3.27,4.06,4.54,3.28
Basildon and Billericay,E14000544,East of England,17124,33.0,no,1.927,0.971,no,19.5,5.7,80.49,0.97,3.4,3.27,4.06,4.53,3.28
Penrith and The Border,E14000877,North West,23963,46.0,no,1.92,0.969,no,19.5,8.4,80.55,0.97,3.4,3.26,4.04,4.51,3.27
North Norfolk,E14000848,East of England,30780,59.0,no,1.917,0.968,no,19.4,10.7,80.57,0.97,3.4,3.26,4.04,4.5,3.26
Gower,W07000046,Wales,20470,39.0,no,1.905,0.965,no,19.3,7.8,80.67,0.96,3.39,3.25,4.02,4.47,3.25
Gloucester,E14000712,South West,21088,40.0,no,1.897,0.963,no,19.3,5.2,80.73,0.95,3.39,3.24,4.0,4.45,3.23
North West Cambridgeshire,E14000855,East of England,25799,49.0,no,1.899,0.964,no,19.3,5.6,80.71,0.95,3.39,3.24,4.0,4.46,3.24
South Basildon and East Thurrock,E14000933,East of England,18507,35.0,no,1.891,0.961,no,19.2,5.6,80.78,0.95,3.39,3.23,3.99,4.44,3.22
Hazel Grove,E14000738,North West,20616,39.0,no,1.892,0.962,no,19.2,7.8,80.78,0.95,3.39,3.23,3.99,4.44,3.22
Dartford,E14000659,South East,18639,35.0,no,1.878,0.958,no,19.1,4.7,80.89,0.94,3.38,3.22,3.96,4.4,3.2
Eastleigh,E14000685,South East,22948,43.0,no,1.874,0.957,no,19.1,5.9,80.92,0.93,3.38,3.22,3.95,4.39,3.2
Bedford,E14000552,East of England,18415,34.0,no,1.846,0.949,no,18.9,5.0,81.15,0.91,3.38,3.19,3.9,4.32,3.15
Southampton Test,E14000956,South East,14672,27.1,yes,1.846,0.949,no,18.8,4.0,81.15,0.91,3.37,3.19,3.9,4.32,3.15
Gillingham and Rainham,E14000711,South East,19094,35.2,yes,1.846,0.949,no,18.8,5.7,81.15,0.91,3.37,3.19,3.9,4.32,3.15
Southampton Itchen,E14000955,South East,16651,30.7,yes,1.846,0.949,no,18.8,4.5,81.15,0.91,3.37,3.19,3.9,4.32,3.15
Chatham and Aylesford,E14000626,South East,16807,31.0,yes,1.846,0.949,no,18.8,5.1,81.15,0.91,3.37,3.19,3.9,4.32,3.15
Hove,E14000755,South East,16374,30.2,yes,1.846,0.949,no,18.8,4.7,81.15,0.91,3.37,3.19,3.9,4.32,3.15
Buckingham,E14000608,South East,25810,47.6,yes,1.846,0.949,no,18.8,6.8,81.15,0.91,3.37,3.19,3.9,4.32,3.15
Milton Keynes South,E14000822,South East,21226,39.2,yes,1.846,0.949,no,18.8,4.4,81.15,0.91,3.37,3.19,3.9,4.32,3.15
Portsmouth North,E14000883,South East,17352,32.0,yes,1.846,0.949,no,18.8,5.2,81.15,0.91,3.37,3.19,3.9,4.32,3.15
Sittingbourne and Sheppey,E14000927,South East,23232,42.9,yes,1.846,0.949,no,18.8,5.8,81.15,0.91,3.37,3.19,3.9,4.32,3.15
Morecambe and Lunesdale,E14000825,North West,21997,40.0,no,1.818,0.942,no,18.6,7.3,81.38,0.89,3.37,3.16,3.84,4.25,3.11
Wyre and Preston North,E14001057,North West,26905,49.0,no,1.821,0.942,no,18.6,7.5,81.35,0.89,3.37,3.16,3.85,4.26,3.11
North East Bedfordshire,E14000841,East of England,24754,45.0,no,1.818,0.941,no,18.6,5.9,81.38,0.89,3.37,3.16,3.84,4.25,3.11
Congleton,E14000646,North West,26434,48.0,no,1.816,0.941,no,18.6,7.2,81.4,0.89,3.37,3.16,3.84,4.25,3.1
Broxtowe,E14000607,East Midlands,21134,38.0,no,1.798,0.936,no,18.5,6.3,81.54,0.87,3.36,3.14,3.81,4.2,3.08
Elmet and Rothwell,E14000689,Yorkshire and the Humber,26305,47.0,no,1.787,0.934,no,18.4,7.4,81.61,0.87,3.36,3.13,3.79,4.18,3.06
Hackney South and Shoreditch,E14000721,London,11037,19.7,yes,1.783,0.933,no,18.4,2.4,81.63,0.87,3.36,3.13,3.78,4.18,3.06
Bermondsey and Old Southwark,E14000553,London,11073,19.7,yes,1.783,0.933,no,18.4,2.1,81.63,0.87,3.36,3.13,3.78,4.18,3.06
Camberwell and Peckham,E14000615,London,12644,22.5,yes,1.783,0.933,no,18.4,2.9,81.63,0.87,3.36,3.13,3.78,4.18,3.06
West Ham,E14001032,London,14828,26.4,yes,1.783,0.933,no,18.4,2.3,81.63,0.87,3.36,3.13,3.78,4.18,3.06
Bethnal Green and Bow,E14000555,London,9952,17.7,yes,1.783,0.933,no,18.4,1.9,81.63,0.87,3.36,3.13,3.78,4.18,3.06
East Ham,E14000679,London,13380,23.9,yes,1.783,0.933,no,18.4,2.4,81.63,0.87,3.36,3.13,3.78,4.18,3.06
Poplar and Limehouse,E14000882,London,9607,17.1,yes,1.783,0.933,no,18.4,1.6,81.63,0.87,3.36,3.13,3.78,4.18,3.06
Barking,E14000540,London,11711,20.9,yes,1.783,0.933,no,18.4,2.5,81.63,0.87,3.36,3.13,3.78,4.18,3.06
Carmarthen West and South Pembrokeshire,W07000066,Wales,21356,38.0,no,1.779,0.932,no,18.3,7.9,81.65,0.86,3.36,3.13,3.78,4.17,3.06
Newton Abbot,E14000835,South West,26445,47.0,no,1.777,0.932,no,18.3,8.0,81.66,0.86,3.36,3.12,3.78,4.16,3.05
Scarborough and Whitby,E14000913,Yorkshire and the Humber,27003,48.0,no,1.778,0.932,no,18.3,7.9,81.66,0.86,3.36,3.12,3.78,4.17,3.05
Weaver Vale,E14001024,North West,20413,36.0,no,1.764,0.929,no,18.3,6.3,81.75,0.86,3.35,3.11,3.76,4.14,3.04
Castle Point,E14000622,East of England,23314,41.0,no,1.759,0.928,no,18.2,7.6,81.78,0.85,3.35,3.11,3.75,4.13,3.03
Bognor Regis and Littlehampton,E14000576,South East,29741,52.0,no,1.748,0.926,no,18.2,7.6,81.84,0.85,3.35,3.1,3.73,4.11,3.02
South Swindon,E14000947,South West,18852,33.0,no,1.75,0.927,no,18.2,4.8,81.82,0.85,3.35,3.1,3.74,4.11,3.02
Gravesham,E14000715,South East,18720,33.0,no,1.763,0.929,no,18.2,5.2,81.75,0.85,3.35,3.11,3.75,4.14,3.04
Worcester,E14001052,West Midlands,19412,34.0,no,1.751,0.927,no,18.2,5.3,81.82,0.85,3.35,3.1,3.74,4.12,3.02
South West Devon,E14000950,South West,24231,42.0,no,1.733,0.923,no,18.1,7.3,81.93,0.84,3.35,3.09,3.71,4.08,3.0
South Suffolk,E14000946,East of England,27796,48.0,no,1.727,0.922,no,18.0,7.8,81.97,0.83,3.35,3.09,3.7,4.07,2.99
South Northamptonshire,E14000942,East Midlands,24371,42.0,no,1.723,0.921,no,18.0,5.6,81.99,0.83,3.35,3.08,3.7,4.06,2.99
Loughborough,E14000797,East Midlands,19691,34.0,no,1.727,0.922,no,18.0,5.0,81.97,0.83,3.35,3.09,3.7,4.07,2.99
Stourbridge,E14000976,West Midlands,20235,34.0,no,1.68,0.912,no,17.8,6.4,82.25,0.81,3.34,3.05,3.63,3.98,2.94
Norwich North,E14000863,East of England,18874,32.0,no,1.695,0.916,no,17.8,5.7,82.16,0.82,3.34,3.06,3.66,4.01,2.96
Tynemouth,E14001006,North East,23062,39.0,no,1.691,0.915,no,17.8,6.4,82.18,0.81,3.34,3.06,3.65,4.0,2.95
Colne Valley,E14000645,Yorkshire and the Humber,23688,40.0,no,1.689,0.914,no,17.8,5.9,82.2,0.81,3.34,3.06,3.65,4.0,2.95
Sefton Central,E14000916,North West,24190,41.0,no,1.695,0.915,no,17.8,7.9,82.16,0.82,3.34,3.06,3.66,4.01,2.96
Sleaford and North Hykeham,E14000929,East Midlands,31272,52.0,no,1.663,0.909,no,17.7,7.0,82.34,0.81,3.33,3.03,3.61,3.95,2.92
Aldershot,E14000530,South East,18545,31.0,no,1.672,0.911,no,17.7,4.6,82.3,0.81,3.33,3.04,3.62,3.97,2.93
South West Norfolk,E14000952,East of England,27982,47.0,no,1.68,0.912,no,17.7,7.0,82.25,0.81,3.34,3.05,3.63,3.98,2.94
Louth and Horncastle,E14000798,East Midlands,33286,55.0,no,1.652,0.907,no,17.6,8.9,82.4,0.82,3.32,3.02,3.59,3.93,2.91
Calder Valley,E14000614,Yorkshire and the Humber,22722,37.0,no,1.628,0.902,no,17.5,6.2,82.52,0.84,3.31,2.99,3.56,3.89,2.89
Camborne and Redruth,E14000616,South West,22843,37.0,no,1.62,0.9,no,17.4,6.5,82.57,0.85,3.3,2.98,3.55,3.88,2.88
Gosport,E14000713,South East,23531,38.0,no,1.615,0.899,no,17.4,6.7,82.59,0.85,3.3,2.97,3.54,3.87,2.87
Basingstoke,E14000545,South East,18864,30.0,no,1.59,0.894,no,17.3,4.3,82.72,0.87,3.28,2.94,3.51,3.82,2.85
South East Cornwall,E14000938,South West,27669,44.0,no,1.59,0.894,no,17.3,8.0,82.72,0.87,3.28,2.94,3.51,3.82,2.85
Workington,E14001053,North West,20033,32.0,no,1.597,0.896,no,17.3,6.9,82.69,0.87,3.29,2.95,3.52,3.84,2.85
Newark,E14000829,East Midlands,26717,42.0,no,1.572,0.891,no,17.2,6.8,82.82,0.89,3.27,2.92,3.48,3.79,2.83
Weston-Super-Mare,E14001038,South West,26726,42.0,no,1.572,0.891,no,17.2,6.2,82.82,0.89,3.27,2.92,3.48,3.79,2.83
Warrington South,E14001018,North West,22984,36.0,no,1.566,0.89,no,17.2,5.4,82.85,0.89,3.27,2.91,3.47,3.78,2.82
Stone,E14000975,West Midlands,24057,37.0,no,1.538,0.884,no,17.0,7.3,83.0,0.92,3.25,2.88,3.43,3.73,2.79
Clacton,E14000642,East of England,30773,47.0,no,1.527,0.882,no,16.9,8.6,83.05,0.92,3.25,2.86,3.42,3.71,2.78
North Shropshire,E14000849,West Midlands,28634,43.0,no,1.502,0.876,no,16.8,6.8,83.19,0.94,3.23,2.83,3.38,3.67,2.76
Milton Keynes North,E14000821,South East,22279,33.0,no,1.481,0.871,no,16.7,4.2,83.32,0.97,3.21,2.8,3.34,3.62,2.73
Haltemprice and Howden,E14000724,Yorkshire and the Humber,24838,37.0,no,1.49,0.874,no,16.7,6.9,83.26,0.96,3.22,2.82,3.36,3.64,2.74
Newcastle upon Tyne North,E14000833,North East,21148,31.0,no,1.466,0.867,no,16.6,5.5,83.44,0.98,3.2,2.77,3.31,3.58,2.71
Selby and Ainsty,E14000917,Yorkshire and the Humber,23698,35.0,no,1.477,0.87,no,16.6,5.9,83.36,0.97,3.21,2.79,3.33,3.61,2.72
West Lancashire,E14001033,North West,22541,33.0,no,1.464,0.866,no,16.5,5.7,83.45,0.99,3.2,2.77,3.31,3.58,2.7
Shipley,E14000925,Yorkshire and the Humber,22858,33.0,no,1.444,0.86,no,16.4,6.1,83.61,1.01,3.18,2.73,3.27,3.53,2.67
East Yorkshire,E14000683,Yorkshire and the Humber,31758,46.0,no,1.448,0.862,no,16.4,7.6,83.57,1.0,3.18,2.74,3.28,3.54,2.68
Brecon and Radnorshire,W07000068,Wales,21227,30.0,no,1.413,0.852,no,16.2,7.7,83.83,1.04,3.15,2.68,3.21,3.45,2.63
Mid Norfolk,E14000816,East of England,29990,42.0,no,1.4,0.848,no,16.0,6.6,83.96,1.03,3.13,2.67,3.18,3.42,2.61
Brigg and Goole,E14000596,Yorkshire and the Humber,22326,31.0,no,1.389,0.844,no,15.9,6.4,84.08,1.01,3.11,2.65,3.16,3.39,2.59
South Ribble,E14000943,North West,24434,34.0,no,1.392,0.845,no,15.9,6.1,84.05,1.01,3.12,2.66,3.16,3.4,2.59
Lichfield,E14000791,West Midlands,25202,35.0,no,1.389,0.844,no,15.9,6.2,84.08,1.01,3.11,2.65,3.16,3.4,2.59
South Leicestershire,E14000940,East Midlands,23932,33.0,no,1.379,0.842,no,15.8,5.3,84.18,0.99,3.1,2.64,3.14,3.37,2.57
Waveney,E14001022,East of England,28580,39.0,no,1.365,0.837,no,15.7,6.8,84.33,0.97,3.07,2.63,3.11,3.34,2.55
South Holland and The Deepings,E14000939,East Midlands,27819,38.0,no,1.366,0.838,no,15.7,6.2,84.31,0.97,3.08,2.63,3.11,3.34,2.55
Corby,E14000648,East Midlands,23869,32.0,no,1.341,0.831,no,15.4,4.6,84.57,0.94,3.03,2.6,3.06,3.28,2.51
Berwick-upon-Tweed,E14000554,North East,24279,32.0,no,1.318,0.824,no,15.2,7.4,84.8,0.9,2.99,2.58,3.02,3.23,2.47
Ribble Valley,E14000894,North West,25476,33.0,no,1.295,0.817,no,15.0,5.5,85.03,0.87,2.96,2.56,2.97,3.18,2.44
Thurrock,E14000995,East of England,15623,20.0,yes,1.282,0.811,no,14.7,3.0,85.25,0.84,2.92,2.53,2.93,3.13,2.4
South West Bedfordshire,E14000949,East of England,21626,27.7,yes,1.282,0.811,no,14.7,4.3,85.25,0.84,2.92,2.53,2.93,3.13,2.4
Luton North,E14000800,East of England,15364,19.7,yes,1.282,0.811,no,14.7,3.5,85.25,0.84,2.92,2.53,2.93,3.13,2.4
Luton South,E14000801,East of England,13580,17.4,yes,1.282,0.811,no,14.7,2.6,85.25,0.84,2.92,2.53,2.93,3.13,2.4
Peterborough,E14000878,East of England,19838,25.4,yes,1.282,0.811,no,14.7,3.8,85.25,0.84,2.92,2.53,2.93,3.13,2.4
Ipswich,E14000761,East of England,18996,24.4,yes,1.282,0.811,no,14.7,4.1,85.25,0.84,2.92,2.53,2.93,3.13,2.4
Great Yarmouth,E14000717,East of England,24942,32.0,yes,1.282,0.811,no,14.7,5.9,85.25,0.84,2.92,2.53,2.93,3.13,2.4
Harlow,E14000729,East of England,16692,21.4,yes,1.282,0.811,no,14.7,3.8,85.25,0.84,2.92,2.53,2.93,3.13,2.4
Beverley and Holderness,E14000556,Yorkshire and the Humber,29458,36.0,no,1.222,0.783,no,13.8,6.2,86.21,0.75,2.72,2.41,2.72,2.94,2.25
Bristol East,E14000599,South West,15660,18.9,yes,1.205,0.775,no,13.5,3.2,86.47,0.75,2.65,2.37,2.66,2.89,2.21
Bristol South,E14000601,South West,16826,20.3,yes,1.205,0.775,no,13.5,3.1,86.47,0.75,2.65,2.37,2.66,2.89,2.21
Kingswood,E14000774,South West,18209,21.9,yes,1.205,0.775,no,13.5,4.3,86.47,0.75,2.65,2.37,2.66,2.89,2.21
Plymouth Sutton and Devonport,E14000880,South West,17163,20.7,yes,1.205,0.775,no,13.5,3.1,86.47,0.75,2.65,2.37,2.66,2.89,2.21
North Swindon,E14000851,South West,20916,25.2,yes,1.205,0.775,no,13.5,3.7,86.47,0.75,2.65,2.37,2.66,2.89,2.21
Plymouth Moor View,E14000879,South West,19914,24.0,yes,1.205,0.775,no,13.5,4.6,86.47,0.75,2.65,2.37,2.66,2.89,2.21
Wyre Forest,E14001058,West Midlands,26427,31.0,no,1.173,0.761,no,13.1,5.3,86.92,0.74,2.53,2.31,2.54,2.82,2.14
North East Cambridgeshire,E14000842,East of England,28349,33.0,no,1.164,0.758,no,13.0,4.8,87.01,0.74,2.5,2.29,2.52,2.81,2.13
Swansea East,W07000048,Wales,15297,16.3,yes,1.063,0.727,no,12.0,3.5,87.96,0.68,2.36,2.09,2.31,2.65,1.94
Rhondda,W07000052,Wales,14254,15.2,yes,1.063,0.727,no,12.0,4.1,87.96,0.68,2.36,2.09,2.31,2.65,1.94
South Derbyshire,E14000935,East Midlands,22039,23.2,yes,1.055,0.724,no,12.0,3.7,88.03,0.68,2.36,2.07,2.3,2.63,1.93
Bassetlaw,E14000546,East Midlands,25338,26.7,yes,1.055,0.724,no,12.0,4.3,88.03,0.68,2.36,2.07,2.3,2.63,1.93
Preseli Pembrokeshire,W07000065,Wales,20826,22.1,yes,1.063,0.727,no,12.0,5.0,87.96,0.68,2.36,2.09,2.31,2.65,1.94
Swansea West,W07000047,Wales,15200,16.2,yes,1.063,0.727,no,12.0,3.4,87.96,0.68,2.36,2.09,2.31,2.65,1.94
Derby North,E14000662,East Midlands,18346,19.3,yes,1.055,0.724,no,12.0,3.3,88.03,0.68,2.36,2.07,2.3,2.63,1.93
Chesterfield,E14000632,East Midlands,21537,22.7,yes,1.055,0.724,no,12.0,4.3,88.03,0.68,2.36,2.07,2.3,2.63,1.93
Derby South,E14000663,East Midlands,16451,17.3,yes,1.055,0.724,no,12.0,2.7,88.03,0.68,2.36,2.07,2.3,2.63,1.93
Bosworth,E14000583,East Midlands,24781,26.1,yes,1.055,0.724,no,12.0,4.4,88.03,0.68,2.36,2.07,2.3,2.63,1.93
Amber Valley,E14000533,East Midlands,20790,21.9,yes,1.055,0.724,no,12.0,4.3,88.03,0.68,2.36,2.07,2.3,2.63,1.93
Sherwood,E14000924,East Midlands,22969,24.2,yes,1.055,0.724,no,12.0,4.1,88.03,0.68,2.36,2.07,2.3,2.63,1.93
Ashfield,E14000535,East Midlands,22733,24.0,yes,1.055,0.724,no,12.0,4.2,88.03,0.68,2.36,2.07,2.3,2.63,1.93
Bolsover,E14000577,East Midlands,22018,23.2,yes,1.055,0.724,no,12.0,4.0,88.03,0.68,2.36,2.07,2.3,2.63,1.93
Lincoln,E14000792,East Midlands,18897,19.9,yes,1.055,0.724,no,12.0,3.0,88.03,0.68,2.36,2.07,2.3,2.63,1.93
Gainsborough,E14000707,East Midlands,26276,27.7,yes,1.055,0.724,no,12.0,4.9,88.03,0.68,2.36,2.07,2.3,2.63,1.93
Kettering,E14000769,East Midlands,20248,21.4,yes,1.055,0.724,no,12.0,3.7,88.03,0.68,2.36,2.07,2.3,2.63,1.93
Mansfield,E14000810,East Midlands,22446,23.7,yes,1.055,0.724,no,12.0,3.9,88.03,0.68,2.36,2.07,2.3,2.63,1.93
North East Derbyshire,E14000843,East Midlands,23821,25.1,yes,1.055,0.724,no,12.0,4.8,88.03,0.68,2.36,2.07,2.3,2.63,1.93
North West Leicestershire,E14000858,East Midlands,22503,23.7,yes,1.055,0.724,no,12.0,3.9,88.03,0.68,2.36,2.07,2.3,2.63,1.93
Northampton North,E14000861,East Midlands,15889,16.8,yes,1.055,0.724,no,12.0,3.3,88.03,0.68,2.36,2.07,2.3,2.63,1.93
Mid Derbyshire,E14000814,East Midlands,21007,22.2,yes,1.055,0.724,no,12.0,4.8,88.03,0.68,2.36,2.07,2.3,2.63,1.93
Nottingham North,E14000866,East Midlands,14522,15.3,yes,1.055,0.724,no,12.0,3.0,88.03,0.68,2.36,2.07,2.3,2.63,1.93
Boston and Skegness,E14000582,East Midlands,26760,28.2,yes,1.055,0.724,no,12.0,4.7,88.03,0.68,2.36,2.07,2.3,2.63,1.93
Nottingham East,E14000865,East Midlands,10856,11.4,yes,1.055,0.724,no,12.0,1.9,88.03,0.68,2.36,2.07,2.3,2.63,1.93
Nottingham South,E14000867,East Midlands,13784,14.5,yes,1.055,0.724,no,12.0,2.2,88.03,0.68,2.36,2.07,2.3,2.63,1.93
Bridgend,W07000073,Wales,19070,20.3,yes,1.063,0.727,no,12.0,4.2,87.96,0.68,2.36,2.09,2.31,2.65,1.94
Arfon,W07000057,Wales,11377,12.1,yes,1.063,0.727,no,12.0,3.5,87.96,0.68,2.36,2.09,2.31,2.65,1.94
Erewash,E14000695,East Midlands,19519,20.6,yes,1.055,0.724,no,12.0,3.9,88.03,0.68,2.36,2.07,2.3,2.63,1.93
Wellingborough,E14001025,East Midlands,22567,23.8,yes,1.055,0.724,no,12.0,3.7,88.03,0.68,2.36,2.07,2.3,2.63,1.93
Northampton South,E14000862,East Midlands,14856,15.7,yes,1.055,0.724,no,12.0,2.7,88.03,0.68,2.36,2.07,2.3,2.63,1.93
Leicester West,E14000784,East Midlands,13042,13.8,yes,1.055,0.724,no,12.0,2.2,88.03,0.68,2.36,2.07,2.3,2.63,1.93
Leicester South,E14000783,East Midlands,14756,15.6,yes,1.055,0.724,no,12.0,2.2,88.03,0.68,2.36,2.07,2.3,2.63,1.93
Leicester East,E14000782,East Midlands,18825,19.9,yes,1.055,0.724,no,12.0,2.9,88.03,0.68,2.36,2.07,2.3,2.63,1.93
Gedling,E14000710,East Midlands,19894,21.0,yes,1.055,0.724,no,12.0,4.0,88.03,0.68,2.36,2.07,2.3,2.63,1.93
Ogmore,W07000074,Wales,15803,16.8,yes,1.063,0.727,no,12.0,4.0,87.96,0.68,2.36,2.09,2.31,2.65,1.94
Newport West,W07000056,Wales,17569,18.7,yes,1.063,0.727,no,12.0,3.6,87.96,0.68,2.36,2.09,2.31,2.65,1.94
Caerphilly,W07000076,Wales,17602,18.7,yes,1.063,0.727,no,12.0,4.0,87.96,0.68,2.36,2.09,2.31,2.65,1.94
Aberavon,W07000049,Wales,14020,14.9,yes,1.063,0.727,no,12.0,3.9,87.96,0.68,2.36,2.09,2.31,2.65,1.94
Clwyd West,W07000059,Wales,20892,22.2,yes,1.063,0.727,no,12.0,5.3,87.96,0.68,2.36,2.09,2.31,2.65,1.94
Cynon Valley,W07000070,Wales,14361,15.3,yes,1.063,0.727,no,12.0,3.9,87.96,0.68,2.36,2.09,2.31,2.65,1.94
Clwyd South,W07000062,Wales,15886,16.9,yes,1.063,0.727,no,12.0,4.3,87.96,0.68,2.36,2.09,2.31,2.65,1.94
Torfaen,W07000053,Wales,17186,18.3,yes,1.063,0.727,no,12.0,4.0,87.96,0.68,2.36,2.09,2.31,2.65,1.94
Vale of Clwyd,W07000060,Wales,18194,19.3,yes,1.063,0.727,no,12.0,4.8,87.96,0.68,2.36,2.09,2.31,2.65,1.94
Wrexham,W07000044,Wales,15016,16.0,yes,1.063,0.727,no,12.0,4.0,87.96,0.68,2.36,2.09,2.31,2.65,1.94
Islwyn,W07000077,Wales,15889,16.9,yes,1.063,0.727,no,12.0,4.1,87.96,0.68,2.36,2.09,2.31,2.65,1.94
Alyn and Deeside,W07000043,Wales,17435,18.5,yes,1.063,0.727,no,12.0,4.0,87.96,0.68,2.36,2.09,2.31,2.65,1.94
Blaenau Gwent,W07000072,Wales,14060,14.9,yes,1.063,0.727,no,12.0,4.0,87.96,0.68,2.36,2.09,2.31,2.65,1.94
Llanelli,W07000045,Wales,18926,20.1,yes,1.063,0.727,no,12.0,4.4,87.96,0.68,2.36,2.09,2.31,2.65,1.94
Merthyr Tydfil and Rhymney,W07000071,Wales,14725,15.7,yes,1.063,0.727,no,12.0,3.9,87.96,0.68,2.36,2.09,2.31,2.65,1.94
Pontypridd,W07000075,Wales,16821,17.9,yes,1.063,0.727,no,12.0,3.9,87.96,0.68,2.36,2.09,2.31,2.65,1.94
Cardiff Central,W07000050,Wales,10813,11.5,yes,1.063,0.727,no,12.0,2.0,87.96,0.68,2.36,2.09,2.31,2.65,1.94
Carmarthen East and Dinefwr,W07000067,Wales,20739,22.0,yes,1.063,0.727,no,12.0,5.3,87.96,0.68,2.36,2.09,2.31,2.65,1.94
Delyn,W07000042,Wales,17017,18.1,yes,1.063,0.727,no,12.0,4.6,87.96,0.68,2.36,2.09,2.31,2.65,1.94
Cardiff West,W07000079,Wales,16332,17.4,yes,1.063,0.727,no,12.0,3.3,87.96,0.68,2.36,2.09,2.31,2.65,1.94
Neath,W07000069,Wales,17216,18.3,yes,1.063,0.727,no,12.0,4.5,87.96,0.68,2.36,2.09,2.31,2.65,1.94
Newport East,W07000055,Wales,14706,15.6,yes,1.063,0.727,no,12.0,3.3,87.96,0.68,2.36,2.09,2.31,2.65,1.94
Salford and Eccles,E14000911,North West,16222,15.5,yes,0.955,0.685,no,10.9,1.9,89.12,0.59,2.3,1.79,2.13,2.39,1.69
Preston,E14000885,North West,11868,11.3,yes,0.955,0.685,no,10.9,2.1,89.12,0.59,2.3,1.79,2.13,2.39,1.69
Oldham West and Royton,E14000871,North West,16539,15.8,yes,0.955,0.685,no,10.9,2.7,89.12,0.59,2.3,1.79,2.13,2.39,1.69
Burnley,E14000609,North West,17872,17.1,yes,0.955,0.685,no,10.9,3.3,89.12,0.59,2.3,1.79,2.13,2.39,1.69
Denton and Reddish,E14000661,North West,16235,15.5,yes,0.955,0.685,no,10.9,3.2,89.12,0.59,2.3,1.79,2.13,2.39,1.69
Rossendale and Darwen,E14000902,North West,19664,18.8,yes,0.955,0.685,no,10.9,3.4,89.12,0.59,2.3,1.79,2.13,2.39,1.69
Rochdale,E14000897,North West,17681,16.9,yes,0.955,0.685,no,10.9,2.8,89.12,0.59,2.3,1.79,2.13,2.39,1.69
Pendle,E14000875,North West,18309,17.5,yes,0.955,0.685,no,10.9,3.4,89.12,0.59,2.3,1.79,2.13,2.39,1.69
Manchester Gorton,E14000808,North West,10474,10.0,yes,0.955,0.685,no,10.9,1.5,89.12,0.59,2.3,1.79,2.13,2.39,1.69
Oldham East and Saddleworth,E14000870,North West,18899,18.0,yes,0.955,0.685,no,10.9,3.2,89.12,0.59,2.3,1.79,2.13,2.39,1.69
Blackburn,E14000570,North West,15538,14.8,yes,0.955,0.685,no,10.9,2.5,89.12,0.59,2.3,1.79,2.13,2.39,1.69
Birkenhead,E14000559,North West,16724,16.0,yes,0.955,0.685,no,10.9,3.2,89.12,0.59,2.3,1.79,2.13,2.39,1.69
Crewe and Nantwich,E14000653,North West,22922,21.9,yes,0.955,0.685,no,10.9,3.3,89.12,0.59,2.3,1.79,2.13,2.39,1.69
Bootle,E14000581,North West,18493,17.7,yes,0.955,0.685,no,10.9,3.2,89.12,0.59,2.3,1.79,2.13,2.39,1.69
Ashton-under-Lyne,E14000537,North West,16757,16.0,yes,0.955,0.685,no,10.9,3.1,89.12,0.59,2.3,1.79,2.13,2.39,1.69
Bolton West,E14000580,North West,20708,19.8,yes,0.955,0.685,no,10.9,3.6,89.12,0.59,2.3,1.79,2.13,2.39,1.69
Blackley and Broughton,E14000571,North West,13298,12.7,yes,0.955,0.685,no,10.9,1.9,89.12,0.59,2.3,1.79,2.13,2.39,1.69
Blackpool North and Cleveleys,E14000572,North West,20666,19.7,yes,0.955,0.685,no,10.9,4.2,89.12,0.59,2.3,1.79,2.13,2.39,1.69
Blackpool South,E14000573,North West,16313,15.6,yes,0.955,0.685,no,10.9,3.5,89.12,0.59,2.3,1.79,2.13,2.39,1.69
Bolton North East,E14000578,North West,18112,17.3,yes,0.955,0.685,no,10.9,3.2,89.12,0.59,2.3,1.79,2.13,2.39,1.69
Bolton South East,E14000579,North West,16518,15.8,yes,0.955,0.685,no,10.9,2.7,89.12,0.59,2.3,1.79,2.13,2.39,1.69
Manchester Central,E14000807,North West,11335,10.8,yes,0.955,0.685,no,10.9,1.1,89.12,0.59,2.3,1.79,2.13,2.39,1.69
Liverpool Riverside,E14000793,North West,14560,13.9,yes,0.955,0.685,no,10.9,1.7,89.12,0.59,2.3,1.79,2.13,2.39,1.69
Leigh,E14000785,North West,21509,20.5,yes,0.955,0.685,no,10.9,3.3,89.12,0.59,2.3,1.79,2.13,2.39,1.69
Liverpool Wavertree,E14000795,North West,14793,14.1,yes,0.955,0.685,no,10.9,2.7,89.12,0.59,2.3,1.79,2.13,2.39,1.69
Lancaster and Fleetwood,E14000776,North West,18398,17.6,yes,0.955,0.685,no,10.9,3.4,89.12,0.59,2.3,1.79,2.13,2.39,1.69
Stalybridge and Hyde,E14000967,North West,17793,17.0,yes,0.955,0.685,no,10.9,3.2,89.12,0.59,2.3,1.79,2.13,2.39,1.69
St Helens South and Whiston,E14000963,North West,21415,20.4,yes,0.955,0.685,no,10.9,3.5,89.12,0.59,2.3,1.79,2.13,2.39,1.69
Stretford and Urmston,E14000979,North West,16874,16.1,yes,0.955,0.685,no,10.9,2.9,89.12,0.59,2.3,1.79,2.13,2.39,1.69
Liverpool Walton,E14000794,North West,14997,14.3,yes,0.955,0.685,no,10.9,2.8,89.12,0.59,2.3,1.79,2.13,2.39,1.69
Makerfield,E14000805,North West,21251,20.3,yes,0.955,0.685,no,10.9,3.7,89.12,0.59,2.3,1.79,2.13,2.39,1.69
St Helens North,E14000962,North West,21464,20.5,yes,0.955,0.685,no,10.9,3.7,89.12,0.59,2.3,1.79,2.13,2.39,1.69
Liverpool West Derby,E14000796,North West,16846,16.1,yes,0.955,0.685,no,10.9,3.2,89.12,0.59,2.3,1.79,2.13,2.39,1.69
Warrington North,E14001017,North West,19701,18.8,yes,0.955,0.685,no,10.9,3.6,89.12,0.59,2.3,1.79,2.13,2.39,1.69
Hyndburn,E14000758,North West,17672,16.9,yes,0.955,0.685,no,10.9,3.3,89.12,0.59,2.3,1.79,2.13,2.39,1.69
Wallasey,E14001010,North West,19120,18.3,yes,0.955,0.685,no,10.9,3.8,89.12,0.59,2.3,1.79,2.13,2.39,1.69
Barrow and Furness,E14000543,North West,20554,19.6,yes,0.955,0.685,no,10.9,4.0,89.12,0.59,2.3,1.79,2.13,2.39,1.69
Copeland,E14000647,North West,19420,18.5,yes,0.955,0.685,no,10.9,4.3,89.12,0.59,2.3,1.79,2.13,2.39,1.69
Chorley,E14000637,North West,22338,21.3,yes,0.955,0.685,no,10.9,3.7,89.12,0.59,2.3,1.79,2.13,2.39,1.69
Carlisle,E14000620,North West,19457,18.6,yes,0.955,0.685,no,10.9,3.7,89.12,0.59,2.3,1.79,2.13,2.39,1.69
Bury South,E14000612,North West,18411,17.6,yes,0.955,0.685,no,10.9,3.2,89.12,0.59,2.3,1.79,2.13,2.39,1.69
Bury North,E14000611,North West,18089,17.3,yes,0.955,0.685,no,10.9,3.5,89.12,0.59,2.3,1.79,2.13,2.39,1.69
Wythenshawe and Sale East,E14001059,North West,17240,16.5,yes,0.955,0.685,no,10.9,2.8,89.12,0.59,2.3,1.79,2.13,2.39,1.69
Wigan,E14001039,North West,20745,19.8,yes,0.955,0.685,no,10.9,3.4,89.12,0.59,2.3,1.79,2.13,2.39,1.69
Worsley and Eccles South,E14001054,North West,17486,16.7,yes,0.955,0.685,no,10.9,2.9,89.12,0.59,2.3,1.79,2.13,2.39,1.69
Knowsley,E14000775,North West,20076,19.2,yes,0.955,0.685,no,10.9,3.1,89.12,0.59,2.3,1.79,2.13,2.39,1.69
Ellesmere Port and Neston,E14000688,North West,20415,19.5,yes,0.955,0.685,no,10.9,3.8,89.12,0.59,2.3,1.79,2.13,2.39,1.69
Halton,E14000725,North West,19182,18.3,yes,0.955,0.685,no,10.9,3.4,89.12,0.59,2.3,1.79,2.13,2.39,1.69
Garston and Halewood,E14000708,North West,20862,19.9,yes,0.955,0.685,no,10.9,3.6,89.12,0.59,2.3,1.79,2.13,2.39,1.69
Heywood and Middleton,E14000747,North West,20889,19.9,yes,0.955,0.685,no,10.9,3.3,89.12,0.59,2.3,1.79,2.13,2.39,1.69
Coventry North East,E14000649,West Midlands,15867,15.0,yes,0.947,0.681,no,10.8,2.3,89.21,0.59,2.27,1.77,2.12,2.36,1.67
Halesowen and Rowley Regis,E14000722,West Midlands,18737,17.7,yes,0.947,0.681,no,10.8,3.6,89.21,0.59,2.27,1.77,2.12,2.36,1.67
Burton,E14000610,West Midlands,21616,20.5,yes,0.947,0.681,no,10.8,3.3,89.21,0.59,2.27,1.77,2.12,2.36,1.67
Birmingham Northfield,E14000565,West Midlands,18209,17.2,yes,0.947,0.681,no,10.8,3.1,89.21,0.59,2.27,1.77,2.12,2.36,1.67
Birmingham Perry Barr,E14000566,West Midlands,14623,13.8,yes,0.947,0.681,no,10.8,2.3,89.21,0.59,2.27,1.77,2.12,2.36,1.67
Birmingham Selly Oak,E14000567,West Midlands,16112,15.3,yes,0.947,0.681,no,10.8,2.5,89.21,0.59,2.27,1.77,2.12,2.36,1.67
Birmingham Yardley,E14000568,West Midlands,15120,14.3,yes,0.947,0.681,no,10.8,2.4,89.21,0.59,2.27,1.77,2.12,2.36,1.67
Birmingham Erdington,E14000561,West Midlands,14456,13.7,yes,0.947,0.681,no,10.8,2.5,89.21,0.59,2.27,1.77,2.12,2.36,1.67
Birmingham Hall Green,E14000562,West Midlands,15048,14.2,yes,0.947,0.681,no,10.8,2.2,89.21,0.59,2.27,1.77,2.12,2.36,1.67
Birmingham Hodge Hill,E14000563,West Midlands,12683,12.0,yes,0.947,0.681,no,10.8,1.8,89.21,0.59,2.27,1.77,2.12,2.36,1.67
Birmingham Ladywood,E14000564,West Midlands,9400,8.9,yes,0.947,0.681,no,10.8,1.1,89.21,0.59,2.27,1.77,2.12,2.36,1.67
Cannock Chase,E14000618,West Midlands,20826,19.7,yes,0.947,0.681,no,10.8,3.5,89.21,0.59,2.27,1.77,2.12,2.36,1.67
Coventry North West,E14000650,West Midlands,18392,17.4,yes,0.947,0.681,no,10.8,3.0,89.21,0.59,2.27,1.77,2.12,2.36,1.67
Dudley South,E14000672,West Midlands,17242,16.3,yes,0.947,0.681,no,10.8,3.6,89.21,0.59,2.27,1.77,2.12,2.36,1.67
Dudley North,E14000671,West Midlands,15605,14.8,yes,0.947,0.681,no,10.8,3.2,89.21,0.59,2.27,1.77,2.12,2.36,1.67
Aldridge-Brownhills,E14000531,West Midlands,18096,17.1,yes,0.947,0.681,no,10.8,4.1,89.21,0.59,2.27,1.77,2.12,2.36,1.67
Stoke-on-Trent North,E14000973,West Midlands,18768,17.8,yes,0.947,0.681,no,10.8,3.3,89.21,0.59,2.27,1.77,2.12,2.36,1.67
Stoke-on-Trent South,E14000974,West Midlands,18393,17.4,yes,0.947,0.681,no,10.8,3.5,89.21,0.59,2.27,1.77,2.12,2.36,1.67
Tamworth,E14000986,West Midlands,20745,19.6,yes,0.947,0.681,no,10.8,3.6,89.21,0.59,2.27,1.77,2.12,2.36,1.67
Redditch,E14000892,West Midlands,18683,17.7,yes,0.947,0.681,no,10.8,3.5,89.21,0.59,2.27,1.77,2.12,2.36,1.67
Stafford,E14000965,West Midlands,22798,21.6,yes,0.947,0.681,no,10.8,3.8,89.21,0.59,2.27,1.77,2.12,2.36,1.67
Nuneaton,E14000868,West Midlands,18733,17.7,yes,0.947,0.681,no,10.8,3.2,89.21,0.59,2.27,1.77,2.12,2.36,1.67
North Warwickshire,E14000854,West Midlands,20886,19.8,yes,0.947,0.681,no,10.8,3.8,89.21,0.59,2.27,1.77,2.12,2.36,1.67
Staffordshire Moorlands,E14000966,West Midlands,20913,19.8,yes,0.947,0.681,no,10.8,4.6,89.21,0.59,2.27,1.77,2.12,2.36,1.67
Stoke-on-Trent Central,E14000972,West Midlands,13780,13.0,yes,0.947,0.681,no,10.8,2.7,89.21,0.59,2.27,1.77,2.12,2.36,1.67
Telford,E14000989,West Midlands,17534,16.6,yes,0.947,0.681,no,10.8,3.0,89.21,0.59,2.27,1.77,2.12,2.36,1.67
Newcastle-under-Lyme,E14000834,West Midlands,18618,17.6,yes,0.947,0.681,no,10.8,3.5,89.21,0.59,2.27,1.77,2.12,2.36,1.67
Walsall South,E14001012,West Midlands,15699,14.9,yes,0.947,0.681,no,10.8,2.6,89.21,0.59,2.27,1.77,2.12,2.36,1.67
Walsall North,E14001011,West Midlands,16793,15.9,yes,0.947,0.681,no,10.8,3.0,89.21,0.59,2.27,1.77,2.12,2.36,1.67
The Wrekin,E14000992,West Midlands,21545,20.4,yes,0.947,0.681,no,10.8,3.5,89.21,0.59,2.27,1.77,2.12,2.36,1.67
Warley,E14001016,West Midlands,13384,12.7,yes,0.947,0.681,no,10.8,2.3,89.21,0.59,2.27,1.77,2.12,2.36,1.67
West Bromwich East,E14001029,West Midlands,15469,14.6,yes,0.947,0.681,no,10.8,2.8,89.21,0.59,2.27,1.77,2.12,2.36,1.67
West Bromwich West,E14001030,West Midlands,15053,14.3,yes,0.947,0.681,no,10.8,2.7,89.21,0.59,2.27,1.77,2.12,2.36,1.67
Wolverhampton North East,E14001049,West Midlands,15052,14.3,yes,0.947,0.681,no,10.8,2.9,89.21,0.59,2.27,1.77,2.12,2.36,1.67
Wolverhampton South East,E14001050,West Midlands,16145,15.3,yes,0.947,0.681,no,10.8,2.8,89.21,0.59,2.27,1.77,2.12,2.36,1.67
Barnsley Central,E14000541,Yorkshire and the Humber,17533,15.6,yes,0.888,0.656,no,10.1,3.1,89.86,0.6,2.12,1.63,2.09,2.12,1.58
Leeds West,E14000781,Yorkshire and the Humber,13298,11.8,yes,0.888,0.656,no,10.1,2.2,89.86,0.6,2.12,1.63,2.09,2.12,1.58
Morley and Outwood,E14000826,Yorkshire and the Humber,19961,17.7,yes,0.888,0.656,no,10.1,3.0,89.86,0.6,2.12,1.63,2.09,2.12,1.58
Kingston upon Hull North,E14000772,Yorkshire and the Humber,13453,11.9,yes,0.888,0.656,no,10.1,2.2,89.86,0.6,2.12,1.63,2.09,2.12,1.58
Kingston upon Hull West and Hessle,E14000773,Yorkshire and the Humber,15602,13.9,yes,0.888,0.656,no,10.1,2.7,89.86,0.6,2.12,1.63,2.09,2.12,1.58
Leeds Central,E14000777,Yorkshire and the Humber,11927,10.6,yes,0.888,0.656,no,10.1,1.2,89.86,0.6,2.12,1.63,2.09,2.12,1.58
Leeds East,E14000778,Yorkshire and the Humber,15510,13.8,yes,0.888,0.656,no,10.1,2.5,89.86,0.6,2.12,1.63,2.09,2.12,1.58
York Central,E14001061,Yorkshire and the Humber,15429,13.7,yes,0.888,0.656,no,10.1,2.2,89.86,0.6,2.12,1.63,2.09,2.12,1.58
Great Grimsby,E14000716,Yorkshire and the Humber,16016,14.2,yes,0.888,0.656,no,10.1,3.1,89.86,0.6,2.12,1.63,2.09,2.12,1.58
Doncaster North,E14000669,Yorkshire and the Humber,19820,17.6,yes,0.888,0.656,no,10.1,3.3,89.86,0.6,2.12,1.63,2.09,2.12,1.58
Doncaster Central,E14000668,Yorkshire and the Humber,19954,17.7,yes,0.888,0.656,no,10.1,2.9,89.86,0.6,2.12,1.63,2.09,2.12,1.58
Halifax,E14000723,Yorkshire and the Humber,18568,16.5,yes,0.888,0.656,no,10.1,2.9,89.86,0.6,2.12,1.63,2.09,2.12,1.58
Barnsley East,E14000542,Yorkshire and the Humber,19269,17.1,yes,0.888,0.656,no,10.1,3.3,89.86,0.6,2.12,1.63,2.09,2.12,1.58
Batley and Spen,E14000548,Yorkshire and the Humber,19606,17.4,yes,0.888,0.656,no,10.1,2.9,89.86,0.6,2.12,1.63,2.09,2.12,1.58
Bradford East,E14000587,Yorkshire and the Humber,13641,12.1,yes,0.888,0.656,no,10.1,1.9,89.86,0.6,2.12,1.63,2.09,2.12,1.58
Bradford South,E14000588,Yorkshire and the Humber,16003,14.2,yes,0.888,0.656,no,10.1,2.6,89.86,0.6,2.12,1.63,2.09,2.12,1.58
Sheffield Heeley,E14000923,Yorkshire and the Humber,17691,15.7,yes,0.888,0.656,no,10.1,3.1,89.86,0.6,2.12,1.63,2.09,2.12,1.58
Sheffield Brightside and Hillsborough,E14000921,Yorkshire and the Humber,16097,14.3,yes,0.888,0.656,no,10.1,2.5,89.86,0.6,2.12,1.63,2.09,2.12,1.58
Wentworth and Dearne,E14001028,Yorkshire and the Humber,20291,18.0,yes,0.888,0.656,no,10.1,3.3,89.86,0.6,2.12,1.63,2.09,2.12,1.58
Wakefield,E14001009,Yorkshire and the Humber,19506,17.3,yes,0.888,0.656,no,10.1,3.1,89.86,0.6,2.12,1.63,2.09,2.12,1.58
Sheffield Central,E14000919,Yorkshire and the Humber,11352,10.1,yes,0.888,0.656,no,10.1,1.4,89.86,0.6,2.12,1.63,2.09,2.12,1.58
Sheffield South East,E14000920,Yorkshire and the Humber,18689,16.6,yes,0.888,0.656,no,10.1,3.2,89.86,0.6,2.12,1.63,2.09,2.12,1.58
Scunthorpe,E14000914,Yorkshire and the Humber,17930,15.9,yes,0.888,0.656,no,10.1,3.3,89.86,0.6,2.12,1.63,2.09,2.12,1.58
Rotherham,E14000904,Yorkshire and the Humber,16224,14.4,yes,0.888,0.656,no,10.1,2.9,89.86,0.6,2.12,1.63,2.09,2.12,1.58
Pudsey,E14000886,Yorkshire and the Humber,19114,17.0,yes,0.888,0.656,no,10.1,3.2,89.86,0.6,2.12,1.63,2.09,2.12,1.58
Rother Valley,E14000903,Yorkshire and the Humber,22223,19.7,yes,0.888,0.656,no,10.1,3.6,89.86,0.6,2.12,1.63,2.09,2.12,1.58
Normanton Pontefract and Castleford,E14000836,Yorkshire and the Humber,22224,19.7,yes,0.888,0.656,no,10.1,3.0,89.86,0.6,2.12,1.63,2.09,2.12,1.58
Penistone and Stocksbridge,E14000876,Yorkshire and the Humber,23158,20.6,yes,0.888,0.656,no,10.1,4.1,89.86,0.6,2.12,1.63,2.09,2.12,1.58
Huddersfield,E14000756,Yorkshire and the Humber,16407,14.6,yes,0.888,0.656,no,10.1,2.7,89.86,0.6,2.12,1.63,2.09,2.12,1.58
Hemsworth,E14000740,Yorkshire and the Humber,21472,19.1,yes,0.888,0.656,no,10.1,3.4,89.86,0.6,2.12,1.63,2.09,2.12,1.58
Kingston upon Hull East,E14000771,Yorkshire and the Humber,17209,15.3,yes,0.888,0.656,no,10.1,3.2,89.86,0.6,2.12,1.63,2.09,2.12,1.58
Don Valley,E14000667,Yorkshire and the Humber,22917,20.4,yes,0.888,0.656,no,10.1,3.6,89.86,0.6,2.12,1.63,2.09,2.12,1.58
Cleethorpes,E14000643,Yorkshire and the Humber,24369,21.6,yes,0.888,0.656,no,10.1,4.1,89.86,0.6,2.12,1.63,2.09,2.12,1.58
Bradford West,E14000589,Yorkshire and the Humber,13388,11.9,yes,0.888,0.656,no,10.1,1.9,89.86,0.6,2.12,1.63,2.09,2.12,1.58
Dewsbury,E14000666,Yorkshire and the Humber,21275,18.9,yes,0.888,0.656,no,10.1,3.1,89.86,0.6,2.12,1.63,2.09,2.12,1.58
Washington and Sunderland West,E14001020,North East,18896,14.8,yes,0.783,0.617,no,9.1,3.2,90.89,0.52,1.97,1.46,1.87,1.87,1.42
Blyth Valley,E14000575,North East,20006,15.7,yes,0.783,0.617,no,9.1,3.3,90.89,0.52,1.97,1.46,1.87,1.87,1.42
Blaydon,E14000574,North East,21350,16.7,yes,0.783,0.617,no,9.1,3.5,90.89,0.52,1.97,1.46,1.87,1.87,1.42
Bishop Auckland,E14000569,North East,22057,17.3,yes,0.783,0.617,no,9.1,3.4,90.89,0.52,1.97,1.46,1.87,1.87,1.42
Newcastle upon Tyne East,E14000832,North East,13031,10.2,yes,0.783,0.617,no,9.1,1.7,90.89,0.52,1.97,1.46,1.87,1.87,1.42
Newcastle upon Tyne Central,E14000831,North East,13225,10.4,yes,0.783,0.617,no,9.1,1.8,90.89,0.52,1.97,1.46,1.87,1.87,1.42
Middlesbrough South and East Cleveland,E14000820,North East,23803,18.6,yes,0.783,0.617,no,9.1,3.5,90.89,0.52,1.97,1.46,1.87,1.87,1.42
Middlesbrough,E14000819,North East,15321,12.0,yes,0.783,0.617,no,9.1,2.2,90.89,0.52,1.97,1.46,1.87,1.87,1.42
Jarrow,E14000765,North East,18353,14.4,yes,0.783,0.617,no,9.1,3.2,90.89,0.52,1.97,1.46,1.87,1.87,1.42
Houghton and Sunderland South,E14000754,North East,20401,16.0,yes,0.783,0.617,no,9.1,3.2,90.89,0.52,1.97,1.46,1.87,1.87,1.42
Hartlepool,E14000733,North East,19648,15.4,yes,0.783,0.617,no,9.1,3.0,90.89,0.52,1.97,1.46,1.87,1.87,1.42
Gateshead,E14000709,North East,16151,12.6,yes,0.783,0.617,no,9.1,2.5,90.89,0.52,1.97,1.46,1.87,1.87,1.42
Easington,E14000677,North East,17678,13.8,yes,0.783,0.617,no,9.1,3.1,90.89,0.52,1.97,1.46,1.87,1.87,1.42
Wansbeck,E14001014,North East,20706,16.2,yes,0.783,0.617,no,9.1,3.5,90.89,0.52,1.97,1.46,1.87,1.87,1.42
Sunderland Central,E14000982,North East,20548,16.1,yes,0.783,0.617,no,9.1,2.9,90.89,0.52,1.97,1.46,1.87,1.87,1.42
Stockton South,E14000971,North East,21411,16.8,yes,0.783,0.617,no,9.1,3.0,90.89,0.52,1.97,1.46,1.87,1.87,1.42
Stockton North,E14000970,North East,18896,14.8,yes,0.783,0.617,no,9.1,2.9,90.89,0.52,1.97,1.46,1.87,1.87,1.42
North West Durham,E14000856,North East,22338,17.5,yes,0.783,0.617,no,9.1,3.4,90.89,0.52,1.97,1.46,1.87,1.87,1.42
North Tyneside,E14000853,North East,22460,17.6,yes,0.783,0.617,no,9.1,3.0,90.89,0.52,1.97,1.46,1.87,1.87,1.42
North Durham,E14000840,North East,20055,15.7,yes,0.783,0.617,no,9.1,3.3,90.89,0.52,1.97,1.46,1.87,1.87,1.42
Darlington,E14000658,North East,19729,15.4,yes,0.783,0.617,no,9.1,3.1,90.89,0.52,1.97,1.46,1.87,1.87,1.42
Sedgefield,E14000915,North East,20005,15.7,yes,0.783,0.617,no,9.1,3.3,90.89,0.52,1.97,1.46,1.87,1.87,1.42
Redcar,E14000891,North East,20341,15.9,yes,0.783,0.617,no,9.1,3.4,90.89,0.52,1.97,1.46,1.87,1.87,1.42
City of Durham,E14000641,North East,19673,15.4,yes,0.783,0.617,no,9.1,2.7,90.89,0.52,1.97,1.46,1.87,1.87,1.42
South Shields,E14000944,North East,18006,14.1,yes,0.783,0.617,no,9.1,3.2,90.89,0.52,1.97,1.46,1.87,1.87,1.42
