code,constituency,pct_over_65_households_facing_a_bill,pct_of_adults_living_in_such_a_household,implied_wealth_multiplier,share_from_hmrc_suppressed_seats,old_seats_contributing,crosswalk_coverage,pct_band_0,pct_band_1,pct_band_2,pct_band_3,pct_band_4,pct_band_5,pct_band_6
E14001586,Wimbledon,51.7,12.5,2.41,0.0,2,1.0,48.24,1.21,4.18,4.85,8.15,14.82,18.56
E14001445,Richmond Park,50.9,13.9,2.32,0.0,2,1.0,49.14,1.14,4.33,4.69,8.65,14.52,17.51
E14001230,Esher and Walton,49.8,15.3,2.24,0.0,2,1.0,50.24,1.23,4.31,4.75,8.7,14.16,16.61
E14001081,Battersea,48.1,6.6,2.14,0.0,3,1.0,51.91,1.28,4.33,4.86,8.61,13.59,15.42
E14001556,Twickenham,47.2,13.3,2.1,0.0,1,1.0,52.81,1.25,4.37,4.96,8.48,13.27,14.86
E14001172,Cities of London and Westminster,46.2,8.7,2.04,0.0,3,1.0,53.84,1.25,4.46,4.9,8.31,12.99,14.24
E14001238,Finchley and Golders Green,46.0,12.2,2.03,0.0,2,1.0,54.03,1.25,4.36,5.11,8.36,12.8,14.1
E14001550,Tooting,45.8,7.2,2.02,0.0,1,1.0,54.17,1.25,4.34,5.14,8.37,12.72,14.0
E14001207,Ealing Central and Acton,45.0,8.6,1.99,0.0,4,1.0,54.98,1.22,4.46,5.04,8.17,12.55,13.58
E14001456,Runnymede and Weybridge,45.0,13.1,1.98,0.0,2,1.0,55.02,1.22,4.38,5.21,8.28,12.42,13.48
E14001434,Putney,44.8,8.1,1.97,0.0,4,1.0,55.2,1.26,4.27,5.3,8.35,12.28,13.34
E14001507,St Albans,44.4,12.3,1.95,0.0,1,1.0,55.58,1.26,4.25,5.36,8.33,12.12,13.1
E14001082,Beaconsfield,43.9,16.0,1.92,0.0,1,1.0,56.05,1.25,4.27,5.39,8.28,11.95,12.8
E14001310,Kensington and Bayswater,43.9,9.3,1.92,0.0,5,1.0,56.06,1.24,4.42,5.24,8.13,12.08,12.84
E14001162,Chesham and Amersham,43.7,15.7,1.92,0.0,3,1.0,56.32,1.26,4.26,5.14,8.13,12.02,12.87
E14001160,Chelsea and Fulham,43.6,9.3,1.91,0.0,4,1.0,56.32,1.24,4.35,5.34,8.18,11.92,12.64
E14001265,Hampstead and Highgate,42.9,8.5,1.88,0.0,4,1.0,57.15,1.23,4.53,5.02,7.83,11.9,12.35
E14001227,Epsom and Ewell,42.7,14.4,1.85,0.0,2,1.0,57.29,1.15,4.69,5.23,7.89,11.76,11.98
E14001201,Dorking and Horley,42.3,15.9,1.85,0.0,4,1.0,57.72,1.25,4.39,5.15,7.9,11.58,12.01
E14001149,Cambridge,41.8,7.5,1.8,0.0,1,1.0,58.25,1.08,4.98,5.14,7.62,11.59,11.34
E14001125,Brentwood and Ongar,41.7,14.3,1.8,0.0,1,1.0,58.33,1.09,4.97,5.13,7.61,11.57,11.3
E14001169,Chipping Barnet,41.6,12.1,1.8,0.0,2,1.0,58.42,1.14,4.79,5.13,7.68,11.47,11.38
E14001312,Kingston and Surbiton,41.6,10.3,1.81,0.0,2,1.0,58.45,1.17,4.79,5.07,7.55,11.51,11.47
E14001268,Harpenden and Berkhamsted,40.6,13.0,1.76,0.0,3,1.0,59.45,1.13,4.66,5.05,7.56,11.09,11.06
E14001083,Beckenham and Penge,40.3,11.7,1.76,0.0,2,1.0,59.76,1.19,4.51,5.01,7.63,10.96,10.93
E14001293,Hornsey and Friern Barnet,40.3,9.2,1.75,0.0,4,1.0,59.76,1.17,4.74,5.05,7.44,11.09,10.75
E14001258,Guildford,40.2,12.5,1.75,0.0,2,1.0,59.82,1.27,4.56,5.11,7.44,10.99,10.8
E14001130,Brighton Pavilion,40.1,7.1,1.73,0.0,1,1.0,59.93,1.2,4.8,5.1,7.36,11.02,10.59
E14001137,Bromley and Biggin Hill,40.1,12.1,1.74,0.0,4,1.0,59.98,1.16,4.58,5.04,7.5,10.99,10.74
E14001442,Reigate,39.9,12.2,1.73,0.0,3,1.0,60.13,1.23,4.72,5.1,7.35,10.93,10.54
E14001503,Southgate and Wood Green,39.8,10.7,1.72,0.0,5,1.0,60.2,1.13,4.79,5.02,7.37,10.98,10.51
E14001134,Bristol North West,39.7,10.5,1.72,0.0,3,1.0,60.24,1.2,4.77,5.08,7.31,10.92,10.46
E14001264,Hammersmith and Chiswick,39.7,7.2,1.72,0.0,2,1.0,60.24,1.2,4.81,5.05,7.3,10.95,10.45
E14001249,Godalming and Ash,38.9,12.7,1.69,0.0,4,1.0,61.11,1.21,4.66,4.97,7.25,10.66,10.14
E14001420,Oxford West and Abingdon,38.9,12.8,1.68,0.0,3,1.0,61.16,1.26,4.67,5.04,7.18,10.62,10.05
E14001131,Bristol Central,38.8,4.9,1.68,0.0,2,1.0,61.17,1.28,4.68,5.06,7.16,10.62,10.04
E14001205,Dulwich and West Norwood,38.3,6.8,1.66,0.09,2,1.0,61.79,1.16,4.68,4.92,7.05,10.44,9.97
E14001534,Sutton and Cheam,38.3,10.5,1.66,0.0,1,1.0,61.69,1.28,4.68,4.99,7.07,10.49,9.8
E14001435,Queen's Park and Maida Vale,38.1,7.3,1.69,0.0,3,1.0,61.89,1.16,4.39,4.78,7.06,10.38,10.35
E14001234,Farnham and Bordon,37.6,13.6,1.64,0.0,2,1.0,62.37,1.19,4.59,4.87,7.11,10.31,9.57
E14001124,Brentford and Isleworth,37.4,8.2,1.64,0.0,4,1.0,62.59,1.24,4.53,4.79,6.98,10.19,9.68
E14001496,South West Hertfordshire,37.3,11.4,1.64,0.0,4,1.0,62.68,1.11,4.43,4.83,7.12,10.11,9.72
E14001592,Woking,37.0,10.5,1.61,0.0,1,1.0,62.97,1.24,4.73,4.8,6.85,10.22,9.2
E14001290,Holborn and St Pancras,36.9,6.6,1.6,0.0,1,1.0,63.14,1.23,4.73,4.77,6.82,10.18,9.13
E14001555,Tunbridge Wells,36.4,11.9,1.58,0.0,1,1.0,63.59,1.22,4.75,4.7,6.74,10.08,8.91
E14001284,Hertsmere,36.1,11.1,1.58,0.0,2,1.0,63.86,1.23,4.64,4.75,6.76,9.88,8.9
E14001454,"Ruislip, Northwood and Pinner",36.1,12.0,1.58,0.0,3,1.0,63.87,1.24,4.6,4.74,6.77,9.93,8.85
E14001215,East Surrey,35.9,11.8,1.56,0.0,2,1.0,64.1,1.2,4.72,4.64,6.73,9.89,8.72
E14001080,Bath,35.8,9.5,1.56,0.0,2,1.0,64.16,1.21,4.6,4.73,6.72,9.83,8.76
E14001280,Henley and Thame,35.6,13.9,1.55,0.0,2,1.0,64.42,1.2,4.72,4.6,6.69,9.81,8.58
E14001348,Maidenhead,35.3,11.2,1.54,0.0,3,1.0,64.68,1.26,4.55,4.66,6.66,9.7,8.49
E14001465,Sevenoaks,35.2,12.6,1.54,0.0,2,1.0,64.75,1.2,4.65,4.61,6.56,9.69,8.54
E14001226,Epping Forest,35.1,10.9,1.53,0.0,2,1.0,64.95,1.19,4.67,4.54,6.66,9.61,8.38
E14001167,Chingford and Woodford Green,34.7,9.7,1.52,0.0,2,1.0,65.28,1.21,4.62,4.56,6.52,9.5,8.33
E14001279,Hendon,34.7,7.0,1.52,0.0,1,1.0,65.27,1.19,4.65,4.49,6.67,9.48,8.25
E14001527,Streatham and Croydon North,34.5,5.9,1.51,0.0,4,1.0,65.52,1.28,4.37,4.65,6.67,9.33,8.19
E14001166,Chichester,33.8,14.6,1.49,0.0,2,1.0,66.19,1.17,4.52,4.49,6.31,9.2,8.11
E14001175,Clapham and Brixton Hill,33.5,4.9,1.48,0.0,4,1.0,66.47,1.2,4.33,4.59,6.45,8.98,7.97
E14001587,Winchester,33.2,12.0,1.47,0.0,2,1.0,66.73,1.18,4.49,4.47,6.37,8.97,7.8
E14001306,Islington South and Finsbury,33.0,4.9,1.46,0.12,2,1.0,67.0,1.15,4.51,4.36,6.32,8.94,7.72
E14001161,Cheltenham,32.5,10.1,1.44,0.0,1,1.0,67.48,1.22,4.34,4.36,6.52,8.7,7.37
E14001259,Hackney North and Stoke Newington,32.4,4.6,1.43,0.17,2,1.0,67.63,1.14,4.46,4.31,6.18,8.74,7.53
E14001289,Hitchin,32.4,10.3,1.46,0.0,3,1.0,67.59,1.1,4.16,4.37,6.16,8.56,8.04
E14001334,Leyton and Wanstead,32.3,6.2,1.43,0.0,4,1.0,67.67,1.16,4.43,4.28,6.47,8.62,7.36
E14001588,Windsor,32.3,9.4,1.43,0.0,3,1.0,67.74,1.32,3.98,4.5,6.47,8.61,7.39
E14001067,Arundel and South Downs,32.2,14.5,1.43,0.0,2,1.0,67.79,1.3,4.12,4.48,6.39,8.69,7.22
E14001331,Lewisham East,32.0,6.5,1.42,0.0,5,1.0,67.98,1.28,4.14,4.42,6.44,8.57,7.16
E14001532,Surrey Heath,32.0,10.3,1.42,0.0,2,1.0,67.93,1.29,4.18,4.42,6.44,8.59,7.17
E14001558,Uxbridge and South Ruislip,31.9,7.7,1.42,0.0,2,1.0,68.02,1.33,4.06,4.49,6.39,8.58,7.12
E14001417,Orpington,31.8,10.7,1.41,0.0,2,1.0,68.29,1.26,4.03,4.45,6.37,8.52,7.08
E14001187,Croydon South,31.7,9.2,1.4,0.0,3,1.0,68.38,1.26,4.14,4.38,6.38,8.46,6.99
E14001333,Lewisham West and East Dulwich,31.7,5.6,1.41,0.14,5,1.0,68.32,1.15,4.3,4.28,6.26,8.43,7.26
E14001188,Croydon West,31.3,6.6,1.39,0.0,3,1.0,68.7,1.27,4.08,4.37,6.35,8.37,6.87
E14001553,Tottenham,31.2,4.9,1.39,0.0,3,1.0,68.83,1.29,4.01,4.4,6.29,8.36,6.82
E14001294,Horsham,30.9,10.6,1.38,0.0,2,1.0,69.13,1.35,3.93,4.42,6.28,8.23,6.66
E14001419,Oxford East,30.9,5.3,1.38,0.0,1,1.0,69.11,1.35,3.93,4.42,6.28,8.24,6.67
E14001539,Tatton,30.9,11.8,1.38,0.0,2,1.0,69.19,1.16,4.27,4.16,6.17,8.15,6.9
E14001225,Enfield North,30.8,7.3,1.37,0.0,3,1.0,69.21,1.28,4.01,4.38,6.25,8.17,6.7
E14001065,Altrincham and Sale West,30.6,10.1,1.37,0.0,1,1.0,69.35,1.34,3.9,4.4,6.25,8.18,6.58
E14001429,Poole,30.6,11.5,1.37,0.0,2,1.0,69.38,1.35,3.9,4.4,6.25,8.15,6.57
E14001221,Edmonton and Winchmore Hill,30.5,7.8,1.37,0.0,2,1.0,69.5,1.07,4.21,4.31,6.1,7.94,6.87
E14001600,Wycombe,30.4,7.6,1.36,0.0,2,1.0,69.6,1.3,3.9,4.37,6.21,8.11,6.5
E14001197,Didcot and Wantage,30.3,9.0,1.36,0.0,3,1.0,69.68,1.26,3.93,4.34,6.2,8.11,6.5
E14001376,Newbury,30.3,9.9,1.35,0.0,1,1.0,69.73,1.28,3.9,4.35,6.2,8.08,6.46
E14001573,Welwyn Hatfield,30.2,7.8,1.35,0.0,1,1.0,69.78,1.27,3.9,4.34,6.19,8.07,6.45
E14001414,Old Bexley and Sidcup,29.8,9.4,1.34,0.0,2,1.0,70.17,1.21,3.9,4.29,6.14,7.98,6.33
E14001332,Lewisham North,29.7,4.3,1.33,0.07,3,1.0,70.32,1.26,3.9,4.27,6.06,7.88,6.32
E14001330,Lewes,29.6,13.3,1.33,0.0,4,1.0,70.4,1.24,3.89,4.29,6.09,7.85,6.24
E14001186,Croydon East,29.3,6.8,1.32,0.0,3,1.0,70.73,1.06,3.94,4.17,6.05,7.85,6.19
E14001214,East Hampshire,29.3,11.3,1.32,0.0,4,1.0,70.68,1.25,3.95,4.24,6.04,7.66,6.19
E14001371,Mitcham and Morden,29.1,6.1,1.35,0.0,2,1.0,70.83,1.09,3.86,4.05,5.78,7.53,6.86
E14001374,New Forest West,29.1,15.6,1.32,0.0,1,1.0,70.86,1.1,3.9,4.19,6.03,7.81,6.11
E14001270,Harrow East,29.0,8.1,1.31,0.0,3,1.0,71.0,1.15,3.92,4.19,6.0,7.68,6.08
E14001481,South Cambridgeshire,29.0,9.0,1.31,0.0,3,1.0,71.04,1.07,3.95,4.17,5.98,7.68,6.1
E14001599,Worthing West,29.0,13.1,1.31,0.0,2,1.0,71.06,1.08,3.9,4.16,6.0,7.76,6.05
E14001575,West Dorset,28.9,14.7,1.31,0.0,1,1.0,71.14,1.06,3.9,4.15,5.99,7.73,6.02
E14001271,Harrow West,28.8,6.5,1.31,0.0,2,1.0,71.19,1.05,3.9,4.14,5.98,7.73,6.0
E14001591,Witney,28.8,10.0,1.31,0.0,3,1.0,71.2,1.02,3.92,4.13,5.98,7.73,6.02
E14001232,Exmouth and Exeter East,28.7,12.1,1.3,0.0,3,1.0,71.32,1.09,3.89,4.15,5.94,7.64,5.95
E14001305,Islington North,28.7,4.5,1.3,0.0,4,1.0,71.33,1.03,4.01,4.16,5.88,7.6,5.99
E14001563,Walthamstow,28.6,4.0,1.3,0.0,1,1.0,71.39,1.02,3.9,4.12,5.96,7.68,5.95
E14001090,Bicester and Woodstock,28.5,9.4,1.3,0.0,4,1.0,71.48,1.17,3.96,4.11,5.65,7.46,6.17
E14001210,Earley and Woodley,28.5,7.2,1.29,0.0,4,1.0,71.56,1.04,3.97,4.09,5.84,7.57,5.94
E14001526,Stratford-on-Avon,28.4,12.1,1.29,0.0,1,1.0,71.58,0.99,3.9,4.09,5.93,7.63,5.88
E14001533,Sussex Weald,28.3,12.0,1.29,0.0,2,1.0,71.72,1.06,3.89,4.12,5.89,7.5,5.82
E14001283,Hertford and Stortford,28.1,8.3,1.28,0.0,1,1.0,71.87,0.95,3.9,4.05,5.89,7.56,5.8
E14001257,Greenwich and Woolwich,27.9,3.8,1.28,0.0,3,1.0,72.05,0.94,3.89,4.03,5.85,7.5,5.74
E14001568,Watford,27.9,6.9,1.27,0.0,2,1.0,72.12,1.06,3.95,4.15,5.76,7.29,5.69
E14001593,Wokingham,27.9,8.0,1.27,0.0,3,1.0,72.05,1.13,3.96,4.06,5.66,7.34,5.81
E14001212,East Grinstead and Uckfield,27.8,10.4,1.26,0.0,5,1.0,72.27,1.13,3.88,4.08,5.8,7.18,5.66
E14001309,Kenilworth and Southam,27.6,10.2,1.26,0.0,3,1.0,72.4,0.96,3.89,4.02,5.8,7.33,5.61
E14001399,North Somerset,27.6,11.5,1.26,0.0,1,1.0,72.42,0.97,3.89,4.05,5.78,7.32,5.58
E14001549,Tonbridge,27.6,9.0,1.26,0.0,3,1.0,72.44,0.95,3.89,3.99,5.72,7.34,5.66
E14001089,Bexleyheath and Crayford,27.5,7.0,1.26,0.0,2,1.0,72.53,1.1,3.82,4.02,5.69,7.24,5.58
E14001402,North West Essex,27.5,9.5,1.26,0.0,1,1.0,72.48,0.97,3.88,4.05,5.77,7.29,5.56
E14001482,South Cotswolds,27.5,11.3,1.25,0.0,2,1.0,72.43,1.22,3.86,4.06,5.77,7.04,5.63
E14001208,Ealing North,27.4,6.0,1.25,0.0,1,1.0,72.63,0.99,3.88,4.05,5.74,7.22,5.49
E14001468,Sheffield Hallam,27.4,9.7,1.26,0.04,3,1.0,72.63,0.93,3.83,3.94,5.73,7.33,5.61
E14001529,Stroud,27.4,10.4,1.25,0.0,2,1.0,72.64,1.04,3.87,4.09,5.72,7.16,5.47
E14001153,Carshalton and Wallington,27.3,6.6,1.25,0.0,1,1.0,72.75,1.0,3.88,4.06,5.71,7.16,5.45
E14001159,Chelmsford,27.3,7.7,1.25,0.0,1,1.0,72.67,0.99,3.88,4.05,5.73,7.2,5.48
E14001209,Ealing Southall,27.3,5.6,1.25,0.0,2,1.0,72.7,1.08,3.91,3.98,5.69,6.86,5.79
E14001171,Christchurch,27.2,14.9,1.24,0.0,2,1.0,72.83,1.0,3.88,4.06,5.7,7.11,5.42
E14001386,North Cotswolds,27.2,11.2,1.25,0.0,4,1.0,72.75,1.22,3.76,4.09,5.59,7.07,5.53
E14001535,Sutton Coldfield,27.2,10.6,1.24,0.0,1,1.0,72.85,1.01,3.87,4.06,5.69,7.11,5.41
E14001360,Mid Buckinghamshire,27.0,8.9,1.26,0.47,3,1.0,73.01,0.99,3.73,3.87,5.41,6.96,6.04
E14001301,Ilford South,26.9,4.7,1.24,0.0,2,1.0,73.04,1.0,3.85,3.99,5.66,7.07,5.38
E14001460,Salisbury,26.9,10.3,1.23,0.0,2,1.0,73.1,0.99,3.88,4.0,5.67,7.0,5.36
E14001223,Eltham and Chislehurst,26.8,7.0,1.23,0.0,3,1.0,73.19,1.27,3.83,3.93,5.28,6.82,5.68
E14001115,Bournemouth East,26.7,7.8,1.22,0.0,1,1.0,73.32,1.05,3.86,4.07,5.6,6.89,5.21
E14001231,Exeter,26.7,6.6,1.22,0.0,2,1.0,73.26,1.05,3.86,4.07,5.61,6.91,5.24
E14001292,Hornchurch and Upminster,26.7,8.5,1.22,0.0,2,1.0,73.37,1.05,3.86,4.06,5.59,6.87,5.2
E14001129,Brighton Kemptown and Peacehaven,26.5,7.5,1.21,0.0,2,1.0,73.51,1.09,3.87,4.11,5.53,6.75,5.13
E14001219,Eastbourne,26.5,10.8,1.22,0.0,1,1.0,73.47,1.06,3.86,4.08,5.57,6.81,5.15
E14001278,Hemel Hempstead,26.3,7.4,1.21,0.0,2,1.0,73.76,1.05,3.95,3.83,5.55,6.42,5.44
E14001505,Spelthorne,26.3,7.8,1.2,0.0,1,1.0,73.73,1.08,3.85,4.09,5.51,6.69,5.05
E14001347,Macclesfield,26.1,10.2,1.2,0.0,1,1.0,73.87,1.1,3.84,4.09,5.48,6.62,4.99
E14001438,Reading Central,26.1,5.8,1.2,0.0,2,1.0,73.94,1.1,3.76,3.87,5.43,6.79,5.13
E14001449,Romsey and Southampton North,26.1,9.2,1.2,0.0,2,1.0,73.94,1.07,3.85,4.02,5.49,6.6,5.02
E14001502,Southend West and Leigh,26.1,8.9,1.2,0.0,2,1.0,73.86,1.09,3.85,4.08,5.49,6.64,5.01
E14001392,North East Hampshire,26.0,8.8,1.2,0.0,2,1.0,73.98,0.99,3.81,3.94,5.45,6.73,5.11
E14001605,York Outer,26.0,10.0,1.19,0.01,2,1.0,74.06,1.08,3.83,4.06,5.44,6.57,4.95
E14001366,Mid Sussex,25.9,9.5,1.19,0.0,2,1.0,74.18,1.1,3.86,3.9,5.51,6.4,5.05
E14001530,Suffolk Coastal,25.8,12.8,1.19,0.0,1,1.0,74.19,1.09,3.85,4.03,5.45,6.48,4.92
E14001479,Solihull West and Shirley,25.7,9.3,1.18,0.0,2,1.0,74.29,1.1,3.83,4.01,5.43,6.45,4.89
E14001354,Manchester Withington,25.4,4.7,1.18,0.06,3,1.0,74.62,1.02,3.73,3.89,5.31,6.51,4.92
E14001088,Bexhill and Battle,25.3,12.1,1.17,0.0,2,1.0,74.78,1.08,3.84,3.92,5.37,6.23,4.78
E14001139,Broxbourne,25.3,7.5,1.17,0.0,2,1.0,74.71,1.05,3.86,3.87,5.41,6.26,4.85
E14001071,Aylesbury,25.2,7.2,1.18,0.29,2,1.0,74.74,0.94,3.74,3.8,5.28,6.55,4.96
E14001217,East Wiltshire,25.1,8.6,1.17,0.0,3,1.0,74.9,1.02,3.77,3.89,5.25,6.36,4.81
E14001351,Maldon,25.1,10.0,1.16,0.0,2,1.0,74.86,1.06,3.85,3.87,5.38,6.19,4.79
E14001276,Hayes and Harlington,25.0,4.1,1.16,0.0,1,1.0,75.03,1.06,3.85,3.85,5.36,6.11,4.74
E14001512,St Neots and Mid Cambridgeshire,24.9,8.1,1.16,0.0,4,1.0,75.12,1.18,3.7,3.8,5.18,6.26,4.75
E14001457,Rushcliffe,24.8,8.8,1.15,0.0,1,1.0,75.17,1.05,3.85,3.82,5.35,6.05,4.71
E14001501,Southend East and Rochford,24.8,7.4,1.15,0.0,2,1.0,75.19,1.06,3.83,3.86,5.31,6.08,4.69
E14001236,Feltham and Heston,24.7,4.9,1.15,0.0,1,1.0,75.26,1.05,3.85,3.81,5.34,6.01,4.69
E14001363,Mid Dorset and North Poole,24.6,10.5,1.14,0.0,5,1.0,75.39,1.05,3.84,3.78,5.31,5.97,4.66
E14001566,Warwick and Leamington,24.6,6.9,1.14,0.0,2,1.0,75.39,1.02,3.85,3.75,5.33,5.96,4.69
E14001403,North West Hampshire,24.5,8.1,1.14,0.0,4,1.0,75.51,1.03,3.84,3.73,5.3,5.92,4.66
E14001356,Melksham and Devizes,24.4,8.8,1.14,0.0,4,1.0,75.58,1.11,3.78,3.77,5.2,5.98,4.59
E14001439,Reading West and Mid Berkshire,24.4,6.8,1.14,0.0,3,1.0,75.59,1.3,3.62,3.76,5.04,6.12,4.58
E14001116,Bournemouth West,24.3,6.8,1.13,0.0,2,1.0,75.7,1.03,3.85,3.69,5.3,5.8,4.62
E14001138,Bromsgrove,24.3,9.2,1.13,0.0,1,1.0,75.69,1.03,3.85,3.71,5.29,5.82,4.6
E14001218,East Worthing and Shoreham,24.3,8.9,1.13,0.0,1,1.0,75.75,1.03,3.85,3.7,5.29,5.8,4.59
E14001358,Meriden and Solihull East,24.3,8.4,1.13,0.0,2,1.0,75.75,1.09,3.8,3.74,5.22,5.85,4.55
E14001448,Romford,24.3,6.7,1.13,0.0,1,1.0,75.74,1.03,3.85,3.71,5.29,5.8,4.59
E14001300,Ilford North,24.2,5.3,1.13,0.0,3,1.0,75.79,1.11,3.77,3.69,5.17,5.91,4.57
E14001498,South West Wiltshire,24.2,9.5,1.13,0.0,2,1.0,75.86,1.02,3.85,3.69,5.27,5.75,4.56
E14001554,Truro and Falmouth,24.1,9.1,1.13,0.0,3,1.0,75.88,1.03,3.8,3.73,5.19,5.82,4.54
E14001580,Westmorland and Lonsdale,24.1,10.9,1.13,0.0,2,1.0,75.85,1.06,3.72,3.84,5.07,5.98,4.48
E14001123,Brent West,24.0,5.3,1.12,0.0,3,1.0,76.0,1.04,3.78,3.74,5.16,5.79,4.51
E14001241,Frome and East Somerset,24.0,9.8,1.12,0.0,3,1.0,76.06,1.21,3.65,3.71,5.0,5.94,4.42
E14001388,North Dorset,24.0,10.8,1.12,0.0,2,1.0,75.95,1.02,3.86,3.64,5.27,5.7,4.56
E14001484,South Devon,24.0,11.5,1.12,0.0,2,1.0,75.96,1.02,3.83,3.68,5.22,5.74,4.53
E14001151,Canterbury,23.9,7.8,1.12,0.0,1,1.0,76.13,1.02,3.85,3.63,5.23,5.64,4.5
E14001395,North Herefordshire,23.9,11.2,1.11,0.0,2,1.0,76.16,1.03,3.84,3.63,5.22,5.62,4.49
E14001291,Honiton and Sidmouth,23.7,10.6,1.12,0.0,2,1.0,76.32,1.11,3.58,3.74,4.88,5.92,4.45
E14001349,Maidstone and Malling,23.7,7.3,1.11,0.11,3,1.0,76.29,1.08,3.72,3.63,5.04,5.8,4.44
E14001373,New Forest East,23.7,10.2,1.11,0.0,1,1.0,76.32,1.06,3.81,3.62,5.16,5.6,4.43
E14001122,Brent East,23.6,4.4,1.12,0.0,3,1.0,76.48,1.05,3.54,3.7,4.76,5.75,4.73
E14001224,Ely and East Cambridgeshire,23.6,8.0,1.11,0.0,3,1.0,76.43,1.02,3.63,3.68,4.97,5.81,4.46
E14001233,Fareham and Waterlooville,23.6,9.4,1.11,0.0,2,1.0,76.39,1.16,3.73,3.66,5.04,5.68,4.35
E14001545,Thornbury and Yate,23.6,8.3,1.11,0.0,2,1.0,76.39,1.07,3.79,3.61,5.14,5.58,4.41
E14001275,Havant,23.5,9.3,1.1,0.0,1,1.0,76.47,1.09,3.78,3.61,5.11,5.57,4.38
E14001551,Torbay,23.4,9.7,1.1,0.0,1,1.0,76.62,1.11,3.75,3.6,5.05,5.54,4.32
E14001559,Vauxhall and Camberwell Green,23.4,3.3,1.1,0.35,3,1.0,76.64,1.02,3.67,3.75,4.88,5.74,4.3
E14001158,Cheadle,23.2,8.6,1.09,0.0,1,1.0,76.82,1.15,3.72,3.58,4.98,5.51,4.25
E14001168,Chippenham,23.2,8.5,1.09,0.0,3,1.0,76.74,1.11,3.75,3.58,5.02,5.51,4.29
E14001072,Banbury,23.1,7.0,1.09,0.0,2,1.0,76.9,1.19,3.56,3.64,4.77,5.73,4.22
E14001195,Derbyshire Dales,23.1,10.3,1.09,0.09,2,1.0,76.95,0.99,3.72,3.53,5.01,5.46,4.33
E14001216,East Thanet,23.0,9.2,1.08,0.0,2,1.0,77.02,1.18,3.68,3.57,4.91,5.46,4.18
E14001220,Eastleigh,23.0,7.5,1.1,0.0,3,1.0,77.01,1.0,3.68,3.57,4.6,5.67,4.47
E14001274,Hastings and Rye,23.0,8.7,1.09,0.0,2,1.0,76.91,1.18,3.69,3.59,4.93,5.5,4.21
E14001540,Taunton and Wellington,23.0,8.7,1.08,0.0,1,1.0,76.98,1.18,3.68,3.57,4.91,5.47,4.19
E14001092,Birmingham Edgbaston,22.9,5.8,1.08,0.06,2,1.0,77.17,1.05,3.7,3.5,4.95,5.4,4.23
E14001121,Braintree,22.9,8.0,1.08,0.0,3,1.0,77.04,1.22,3.62,3.59,4.83,5.53,4.15
E14001393,North East Hertfordshire,22.8,8.0,1.08,0.0,1,1.0,77.15,1.21,3.65,3.56,4.85,5.44,4.13
E14001409,Norwich South,22.8,5.8,1.07,0.0,2,1.0,77.26,1.23,3.64,3.56,4.81,5.42,4.09
E14001117,Bracknell,22.7,6.3,1.08,0.0,2,1.0,77.22,1.36,3.52,3.6,4.68,5.55,4.08
E14001477,Slough,22.7,4.0,1.07,0.0,1,1.0,77.27,1.24,3.63,3.56,4.8,5.42,4.08
E14001570,Weald of Kent,22.7,7.3,1.07,0.0,4,1.0,77.26,1.2,3.64,3.56,4.82,5.42,4.1
E14001189,Dagenham and Rainham,22.6,4.8,1.07,0.09,3,1.0,77.45,1.18,3.64,3.54,4.78,5.36,4.06
E14001229,Erith and Thamesmead,22.6,4.5,1.07,0.0,4,1.0,77.47,1.29,3.52,3.58,4.64,5.49,4.01
E14001475,Skipton and Ripon,22.6,10.0,1.07,0.0,2,1.0,77.41,1.24,3.61,3.54,4.77,5.38,4.05
E14001544,Thirsk and Malton,22.5,10.2,1.07,0.0,2,1.0,77.45,1.23,3.6,3.55,4.75,5.37,4.03
E14001489,South Norfolk,22.4,9.1,1.07,0.0,2,1.0,77.56,1.02,3.72,3.45,4.86,5.23,4.16
E14001432,Portsmouth South,22.3,4.7,1.06,0.0,1,1.0,77.72,1.32,3.54,3.53,4.64,5.33,3.92
E14001192,Daventry,22.2,7.8,1.06,0.07,4,1.0,77.87,1.13,3.58,3.46,4.71,5.24,4.01
E14001247,Glastonbury and Somerton,22.2,9.5,1.06,0.0,3,1.0,77.81,1.28,3.54,3.52,4.63,5.3,3.91
E14001321,Leeds North East,22.2,6.4,1.05,0.0,2,1.0,77.81,1.33,3.53,3.52,4.61,5.32,3.89
E14001569,Waveney Valley,22.2,9.3,1.06,0.0,5,1.0,77.76,1.1,3.61,3.53,4.7,5.28,4.02
E14001572,Wells and Mendip Hills,22.2,9.3,1.06,0.0,4,1.0,77.82,1.1,3.61,3.48,4.68,5.29,4.02
W07000110,Vale of Glamorgan,22.2,8.1,1.05,0.0,1,1.0,77.79,1.33,3.53,3.52,4.61,5.32,3.89
E14001069,Ashford,22.1,7.7,1.06,0.0,2,1.0,77.86,1.18,3.57,3.54,4.65,5.26,3.94
E14001237,Filton and Bradley Stoke,22.1,5.6,1.06,0.17,4,1.0,77.88,0.98,3.64,3.42,4.79,5.17,4.11
E14001281,Hereford and South Herefordshire,22.1,8.6,1.05,0.0,2,1.0,77.87,1.34,3.52,3.52,4.58,5.31,3.86
E14001282,Herne Bay and Sandwich,22.1,8.9,1.05,0.0,3,1.0,77.93,1.3,3.52,3.53,4.58,5.27,3.87
E14001155,Central Devon,22.0,9.5,1.05,0.0,2,1.0,77.92,1.33,3.52,3.51,4.58,5.29,3.86
W07000101,Monmouthshire,21.9,9.3,1.05,0.16,2,1.0,78.07,0.97,3.6,3.38,4.75,5.15,4.07
E14001202,Dover and Deal,21.7,8.5,1.04,0.0,2,1.0,78.29,1.32,3.47,3.51,4.46,5.2,3.75
E14001308,Keighley and Ilkley,21.7,7.6,1.04,0.0,1,1.0,78.33,1.32,3.46,3.51,4.45,5.19,3.74
E14001485,South Dorset,21.7,9.9,1.04,0.0,2,1.0,78.27,1.16,3.46,3.56,4.47,5.24,3.84
E14001511,St Ives,21.7,9.8,1.04,0.0,2,1.0,78.32,1.34,3.47,3.5,4.46,5.19,3.75
E14001126,Bridgwater,21.6,8.9,1.04,0.0,2,1.0,78.46,1.15,3.5,3.52,4.48,5.11,3.78
E14001269,Harrogate and Knaresborough,21.6,8.0,1.04,0.0,2,1.0,78.35,1.31,3.46,3.51,4.46,5.18,3.75
E14001357,Melton and Syston,21.5,8.3,1.03,0.0,3,1.0,78.46,1.25,3.48,3.49,4.45,5.13,3.74
E14001394,North East Somerset and Hanham,21.5,7.6,1.05,0.41,3,1.0,78.53,0.9,3.37,3.36,4.43,5.34,4.06
E14001542,Tewkesbury,21.5,7.6,1.04,0.0,3,1.0,78.58,1.11,3.47,3.54,4.39,5.13,3.79
E14001146,Bury St Edmunds and Stowmarket,21.4,8.0,1.03,0.0,2,1.0,78.65,1.25,3.44,3.49,4.39,5.09,3.67
E14001163,Chester North and Neston,21.4,6.7,1.04,0.3,2,1.0,78.6,0.94,3.39,3.37,4.46,5.28,3.96
E14001240,Forest of Dean,21.4,8.8,1.03,0.0,1,1.0,78.64,1.25,3.44,3.51,4.39,5.09,3.68
E14001359,Mid Bedfordshire,21.4,6.5,1.03,0.0,2,1.0,78.62,1.26,3.44,3.51,4.39,5.09,3.69
E14001235,Faversham and Mid Kent,21.3,7.5,1.03,0.09,2,1.0,78.71,1.26,3.44,3.48,4.37,5.08,3.67
E14001263,Hamble Valley,21.3,7.7,1.03,0.0,3,1.0,78.76,1.09,3.53,3.42,4.46,5.0,3.73
E14001273,Harwich and North Essex,21.3,8.6,1.03,0.0,2,1.0,78.72,1.24,3.44,3.49,4.37,5.07,3.66
E14001298,Huntingdon,21.3,6.7,1.03,0.0,2,1.0,78.73,1.22,3.48,3.43,4.41,5.05,3.68
E14001387,North Devon,21.3,9.0,1.03,0.0,1,1.0,78.72,1.23,3.44,3.5,4.37,5.07,3.67
E14001589,Wirral West,21.3,9.1,1.03,0.0,2,1.0,78.69,1.16,3.46,3.51,4.41,5.06,3.71
W07000091,Cardiff South and Penarth,21.3,5.6,1.03,0.04,3,1.0,78.67,1.28,3.43,3.46,4.39,5.09,3.69
E14001444,Richmond and Northallerton,21.2,9.1,1.03,0.0,2,1.0,78.72,1.22,3.43,3.5,4.37,5.07,3.67
E14001548,Tiverton and Minehead,21.2,8.8,1.03,0.0,3,1.0,78.81,1.13,3.45,3.51,4.38,5.02,3.68
E14001203,Droitwich and Evesham,21.1,8.3,1.02,0.0,1,1.0,78.9,1.19,3.43,3.5,4.33,5.01,3.64
E14001473,Shrewsbury,21.1,8.0,1.02,0.0,1,1.0,78.86,1.2,3.43,3.5,4.34,5.03,3.64
E14001493,South Shropshire,21.1,10.4,1.02,0.0,2,1.0,78.88,1.19,3.43,3.5,4.34,5.02,3.64
W07000090,Cardiff North,21.1,6.6,1.02,0.04,2,1.0,78.91,1.25,3.4,3.45,4.32,5.03,3.64
E14001156,Central Suffolk and North Ipswich,21.0,8.6,1.02,0.0,2,1.0,78.98,1.17,3.42,3.5,4.32,4.99,3.62
E14001164,Chester South and Eddisbury,21.0,7.4,1.02,0.06,5,1.0,79.02,1.06,3.42,3.46,4.33,5.02,3.69
E14001285,Hexham,21.0,9.5,1.01,0.0,3,1.0,78.98,1.3,3.42,3.4,4.31,4.99,3.61
E14001458,Rutland and Stamford,20.9,8.2,1.02,0.0,2,1.0,79.05,1.16,3.42,3.49,4.3,4.97,3.6
E14001516,Stevenage,20.8,5.8,1.01,0.0,1,1.0,79.17,1.12,3.41,3.5,4.27,4.93,3.58
W07000093,Ceredigion Preseli,20.8,8.5,1.01,0.27,2,1.0,79.25,0.93,3.45,3.22,4.46,4.85,3.83
E14001508,St Austell and Newquay,20.7,7.9,1.01,0.0,1,1.0,79.27,1.1,3.4,3.5,4.25,4.9,3.57
E14001239,Folkestone and Hythe,20.6,8.5,1.01,0.0,1,1.0,79.37,1.08,3.4,3.5,4.23,4.87,3.55
E14001552,Torridge and Tavistock,20.6,9.8,1.01,0.0,1,1.0,79.36,1.08,3.4,3.5,4.23,4.88,3.55
E14001579,West Worcestershire,20.5,9.4,1.0,0.0,1,1.0,79.5,1.05,3.39,3.5,4.2,4.83,3.52
E14001590,Witham,20.5,7.4,1.01,0.0,2,1.0,79.44,1.03,3.4,3.5,4.22,4.84,3.54
E14001184,Crawley,20.3,4.7,1.0,0.0,1,1.0,79.66,1.01,3.38,3.5,4.17,4.79,3.49
E14001361,Mid Cheshire,20.3,7.5,1.0,0.0,4,1.0,79.71,1.0,3.44,3.36,4.16,4.78,3.55
E14001182,Coventry South,20.2,4.4,0.99,0.14,2,1.0,79.77,1.23,3.3,3.27,4.14,4.81,3.46
E14001453,Rugby,20.1,6.0,0.99,0.0,2,1.0,79.9,1.0,3.39,3.42,4.15,4.71,3.43
E14001504,Southport,20.1,8.4,0.99,0.0,2,1.0,79.82,1.16,3.37,3.34,4.12,4.73,3.44
E14001603,Yeovil,20.1,7.9,0.99,0.0,1,1.0,79.89,1.0,3.39,3.43,4.14,4.71,3.43
E14001108,Bognor Regis and Littlehampton,20.0,8.5,0.99,0.0,2,1.0,79.99,0.88,3.45,3.28,4.12,4.74,3.54
E14001364,Mid Leicestershire,20.0,7.3,0.98,0.16,4,1.0,80.02,1.17,3.32,3.2,4.12,4.7,3.48
E14001437,Rayleigh and Wickford,20.0,7.4,0.99,0.0,1,1.0,79.96,1.0,3.39,3.41,4.14,4.69,3.41
E14001136,Broadland and Fakenham,19.9,8.6,0.98,0.0,1,1.0,80.08,1.0,3.39,3.37,4.12,4.66,3.38
E14001287,High Peak,19.9,7.3,0.98,0.0,1,1.0,80.13,1.0,3.4,3.36,4.12,4.64,3.37
E14001385,North Cornwall,19.9,8.7,0.99,0.0,2,1.0,80.07,1.0,3.4,3.37,4.13,4.66,3.38
E14001447,Rochester and Strood,19.9,5.5,0.98,0.0,1,1.0,80.15,0.99,3.4,3.35,4.11,4.64,3.36
E14001405,North West Norfolk,19.8,8.5,0.98,0.0,2,1.0,80.25,0.99,3.4,3.33,4.1,4.61,3.34
E14001578,West Suffolk,19.8,6.6,0.98,0.0,3,1.0,80.22,0.99,3.4,3.33,4.1,4.61,3.34
E14001372,Morecambe and Lunesdale,19.7,8.1,0.98,0.05,3,1.0,80.23,0.92,3.41,3.28,4.1,4.64,3.42
W07000112,Ynys Môn,19.7,8.6,0.98,0.0,1,1.0,80.28,0.99,3.4,3.31,4.1,4.59,3.32
E14001242,Fylde,19.6,8.4,0.97,0.0,2,1.0,80.41,0.97,3.39,3.3,4.07,4.55,3.3
E14001266,"Harborough, Oadby and Wigston",19.6,6.9,0.98,0.0,2,1.0,80.34,0.99,3.4,3.29,4.1,4.58,3.31
E14001303,Isle of Wight East,19.6,9.2,0.97,0.0,1,1.0,80.37,0.99,3.4,3.29,4.09,4.57,3.3
E14001304,Isle of Wight West,19.6,9.2,0.97,0.0,1,1.0,80.37,0.99,3.4,3.29,4.09,4.57,3.3
E14001077,Basildon and Billericay,19.5,5.7,0.97,0.0,2,1.0,80.51,0.97,3.4,3.27,4.05,4.52,3.28
E14001176,Colchester,19.5,4.6,0.97,0.0,2,1.0,80.45,0.98,3.4,3.27,4.06,4.55,3.28
E14001253,Grantham and Bourne,19.4,7.3,0.97,0.0,2,1.0,80.61,0.95,3.36,3.32,3.98,4.49,3.28
E14001277,Hazel Grove,19.4,7.6,0.97,0.0,3,1.0,80.57,0.97,3.4,3.26,4.03,4.5,3.27
E14001396,North Norfolk,19.4,10.7,0.97,0.0,1,1.0,80.57,0.97,3.4,3.26,4.04,4.5,3.26
E14001248,Gloucester,19.3,5.2,0.96,0.0,1,1.0,80.73,0.95,3.39,3.24,4.0,4.45,3.23
E14001401,North West Cambridgeshire,19.3,5.6,0.96,0.0,1,1.0,80.71,0.95,3.39,3.24,4.0,4.46,3.24
E14001191,Dartford,19.1,4.7,0.96,0.0,1,1.0,80.89,0.94,3.38,3.22,3.96,4.4,3.2
E14001260,Hackney South and Shoreditch,19.1,2.5,0.96,0.96,3,1.0,80.98,0.88,3.41,3.19,3.89,4.39,3.27
E14001582,Wetherby and Easingwold,19.1,7.7,0.95,0.0,5,1.0,80.89,1.01,3.39,3.16,3.94,4.37,3.24
E14001157,Chatham and Aylesford,19.0,5.2,0.96,0.81,2,1.0,80.96,0.93,3.38,3.22,3.94,4.38,3.19
E14001084,Bedford,18.9,5.0,0.95,0.0,2,1.0,81.15,0.91,3.38,3.19,3.9,4.32,3.15
E14001085,Bermondsey and Old Southwark,18.9,2.2,0.95,0.94,2,1.0,81.15,0.88,3.39,3.19,3.88,4.33,3.18
E14001141,Buckingham and Bletchley,18.8,5.6,0.95,1.0,2,1.0,81.15,0.91,3.37,3.19,3.9,4.32,3.15
E14001213,East Ham,18.8,2.5,0.95,0.96,3,1.0,81.28,0.87,3.38,3.17,3.86,4.3,3.16
E14001246,Gillingham and Rainham,18.8,5.7,0.95,1.0,1,1.0,81.15,0.91,3.37,3.19,3.9,4.32,3.15
E14001296,Hove and Portslade,18.8,4.7,0.95,1.0,1,1.0,81.15,0.91,3.37,3.19,3.9,4.32,3.15
E14001431,Portsmouth North,18.8,5.2,0.95,1.0,1,1.0,81.15,0.91,3.37,3.19,3.9,4.32,3.15
E14001474,Sittingbourne and Sheppey,18.8,5.8,0.95,1.0,1,1.0,81.15,0.91,3.37,3.19,3.9,4.32,3.15
E14001480,South Basildon and East Thurrock,18.8,5.3,0.95,0.1,3,1.0,81.22,0.94,3.34,3.16,3.89,4.31,3.14
E14001499,Southampton Itchen,18.8,4.5,0.95,1.0,1,1.0,81.15,0.91,3.37,3.19,3.9,4.32,3.15
E14001500,Southampton Test,18.8,4.0,0.95,1.0,1,1.0,81.15,0.91,3.37,3.19,3.9,4.32,3.15
E14001384,North Bedfordshire,18.7,5.9,0.95,0.0,3,1.0,81.23,0.91,3.37,3.18,3.87,4.29,3.14
E14001178,Congleton,18.6,7.2,0.94,0.0,1,1.0,81.4,0.89,3.37,3.16,3.84,4.25,3.1
E14001063,Aldershot,18.4,4.9,0.93,0.0,2,1.0,81.62,0.82,3.37,3.11,3.77,4.2,3.11
E14001073,Barking,18.4,2.5,0.93,1.0,1,1.0,81.63,0.87,3.36,3.13,3.78,4.18,3.06
E14001078,Basingstoke,18.4,4.9,0.93,0.0,3,1.0,81.58,0.9,3.37,3.07,3.8,4.15,3.14
E14001086,Bethnal Green and Stepney,18.4,1.9,0.93,1.0,3,1.0,81.63,0.87,3.36,3.13,3.78,4.18,3.06
E14001421,Peckham,18.4,2.8,0.93,1.0,2,1.0,81.63,0.87,3.36,3.13,3.78,4.18,3.06
E14001430,Poplar and Limehouse,18.4,1.6,0.93,1.0,2,1.0,81.63,0.87,3.36,3.13,3.78,4.18,3.06
E14001495,South West Devon,18.4,7.6,0.93,0.0,2,1.0,81.65,0.87,3.36,3.13,3.77,4.17,3.06
E14001525,Stratford and Bow,18.4,2.1,0.93,1.0,4,1.0,81.63,0.87,3.36,3.13,3.78,4.18,3.06
E14001576,West Ham and Beckton,18.4,2.3,0.93,1.0,2,1.0,81.63,0.87,3.36,3.13,3.78,4.18,3.06
E14001381,Newton Abbot,18.3,8.0,0.93,0.0,1,1.0,81.66,0.86,3.36,3.12,3.78,4.16,3.05
E14001461,Scarborough and Whitby,18.3,7.9,0.93,0.0,1,1.0,81.66,0.86,3.36,3.12,3.78,4.17,3.05
E14001148,Camborne and Redruth,18.2,6.8,0.93,0.0,2,1.0,81.75,0.87,3.36,3.07,3.75,4.12,3.08
E14001154,Castle Point,18.2,7.6,0.93,0.0,2,1.0,81.76,0.85,3.35,3.11,3.75,4.14,3.03
E14001254,Gravesham,18.2,5.2,0.93,0.0,1,1.0,81.75,0.85,3.35,3.11,3.75,4.14,3.04
E14001463,Sefton Central,18.2,8.0,0.93,0.01,3,1.0,81.79,0.87,3.34,3.11,3.74,4.13,3.04
E14001517,Stockport,18.2,4.8,0.93,0.29,3,1.0,81.77,1.03,3.11,3.0,3.72,4.28,3.09
E14001597,Worcester,18.2,5.3,0.93,0.0,1,1.0,81.82,0.85,3.35,3.1,3.74,4.12,3.02
W07000102,Montgomeryshire and Glyndwr,18.2,7.6,0.93,0.29,2,1.0,81.79,0.98,3.1,3.09,3.69,4.25,3.1
E14001408,Norwich North,18.1,5.9,0.93,0.0,3,1.0,81.86,0.85,3.35,3.1,3.73,4.1,3.02
E14001490,South Northamptonshire,18.1,5.7,0.93,0.08,5,1.0,81.87,0.86,3.31,3.06,3.73,4.12,3.05
E14001342,Loughborough,18.0,5.0,0.92,0.0,1,1.0,81.97,0.83,3.35,3.09,3.7,4.07,2.99
E14001494,South Suffolk,18.0,7.8,0.92,0.0,1,1.0,81.97,0.83,3.35,3.09,3.7,4.07,2.99
E14001132,Bristol East,17.9,3.4,0.93,0.82,3,1.0,82.04,0.85,3.01,2.84,3.45,4.24,3.58
E14001369,Milton Keynes Central,17.9,4.3,0.92,0.58,2,1.0,82.07,0.94,3.3,3.02,3.66,4.02,2.97
E14001596,Wolverhampton West,17.9,5.2,0.92,0.24,3,1.0,82.13,0.9,3.12,3.03,3.66,4.15,3.0
E14001133,Bristol North East,17.8,4.8,0.93,0.76,5,1.0,82.19,0.84,3.04,2.84,3.51,4.15,3.44
E14001177,Colne Valley,17.7,5.9,0.91,0.01,2,1.0,82.27,0.81,3.33,3.05,3.64,3.98,2.94
E14001476,Sleaford and North Hykeham,17.7,7.0,0.91,0.0,1,1.0,82.34,0.81,3.33,3.03,3.61,3.95,2.92
E14001319,Leeds Central and Headingley,17.6,4.5,0.91,0.48,5,1.0,82.39,0.84,3.02,2.74,3.76,4.09,3.17
E14001322,Leeds North West,17.6,5.0,0.91,0.48,2,1.0,82.34,0.83,3.03,2.74,3.78,4.1,3.18
E14001497,South West Norfolk,17.6,7.0,0.91,0.0,2,1.0,82.31,0.82,3.33,3.04,3.61,3.96,2.93
E14001147,Calder Valley,17.5,6.2,0.9,0.0,1,1.0,82.52,0.84,3.31,2.99,3.56,3.89,2.89
E14001343,Louth and Horncastle,17.5,8.8,0.9,0.02,2,1.0,82.54,0.82,3.3,3.0,3.56,3.9,2.89
E14001537,Swindon South,17.5,4.6,0.9,0.15,2,1.0,82.54,0.83,3.24,2.99,3.57,3.92,2.89
W07000097,Gower,17.5,6.7,0.91,0.25,3,1.0,82.5,0.89,3.13,2.96,3.59,4.01,2.92
E14001252,Gosport,17.4,6.7,0.9,0.0,1,1.0,82.59,0.85,3.3,2.97,3.54,3.87,2.87
W07000083,Bangor Aberconwy,17.4,7.4,0.9,0.3,3,1.0,82.64,0.9,3.09,2.93,3.55,4.0,2.9
W07000096,Dwyfor Meirionnydd,17.4,7.2,0.9,0.34,3,1.0,82.54,0.9,3.03,3.0,3.53,4.04,2.95
E14001140,Broxtowe,17.3,5.9,0.9,0.18,2,1.0,82.72,0.84,3.18,2.95,3.54,3.92,2.87
E14001486,South East Cornwall,17.3,8.0,0.89,0.0,1,1.0,82.72,0.87,3.28,2.94,3.51,3.82,2.85
E14001174,Clacton,17.2,8.6,0.89,0.0,2,1.0,82.8,0.94,3.26,2.9,3.48,3.79,2.83
E14001565,Warrington South,17.2,5.4,0.89,0.0,1,1.0,82.85,0.89,3.27,2.91,3.47,3.78,2.82
E14001581,Weston-super-Mare,17.2,6.2,0.89,0.0,1,1.0,82.82,0.89,3.27,2.92,3.48,3.79,2.83
E14001316,Kingswinford and South Staffordshire,17.1,6.7,0.89,0.33,2,1.0,82.9,0.87,3.01,2.91,3.48,3.96,2.87
E14001370,Milton Keynes North,17.0,4.2,0.88,0.16,2,1.0,82.97,0.96,3.24,2.86,3.43,3.73,2.8
E14001375,Newark,17.0,6.7,0.88,0.07,4,1.0,83.02,0.88,3.22,2.88,3.44,3.75,2.81
E14001424,Penrith and Solway,17.0,7.0,0.89,0.17,4,1.0,83.01,0.86,3.16,2.86,3.47,3.84,2.81
E14001464,Selby,17.0,6.2,0.88,0.0,2,1.0,82.97,0.95,3.24,2.86,3.43,3.74,2.79
E14001557,Tynemouth,16.9,6.1,0.89,0.1,2,1.0,83.03,0.78,3.21,2.9,3.48,3.79,2.8
E14001398,North Shropshire,16.8,6.8,0.88,0.0,1,1.0,83.19,0.94,3.23,2.83,3.38,3.67,2.76
E14001523,"Stone, Great Wyrley and Penkridge",16.5,6.6,0.87,0.32,3,1.0,83.55,0.85,2.99,2.79,3.33,3.75,2.73
E14001577,West Lancashire,16.5,5.7,0.87,0.0,1,1.0,83.45,0.99,3.2,2.77,3.31,3.58,2.7
E14001250,Goole and Pocklington,16.4,6.9,0.86,0.0,3,1.0,83.55,0.98,3.18,2.76,3.29,3.55,2.69
E14001472,Shipley,16.4,6.1,0.86,0.0,1,1.0,83.61,1.01,3.18,2.73,3.27,3.53,2.67
E14001365,Mid Norfolk,16.2,6.7,0.85,0.0,3,1.0,83.78,1.02,3.15,2.7,3.23,3.47,2.65
E14001127,Bridlington and The Wolds,16.1,7.4,0.85,0.0,2,1.0,83.91,0.97,3.12,2.7,3.21,3.46,2.63
E14001488,South Leicestershire,16.1,5.4,0.85,0.01,3,1.0,83.89,0.99,3.12,2.69,3.21,3.47,2.63
E14001524,Stourbridge,16.1,5.7,0.85,0.25,2,1.0,83.99,0.76,3.07,2.73,3.25,3.58,2.62
E14001443,Ribble Valley,16.0,6.1,0.85,0.0,2,1.0,83.97,0.88,3.08,2.73,3.22,3.49,2.63
E14001335,Lichfield,15.9,6.2,0.84,0.0,1,1.0,84.08,1.01,3.11,2.65,3.16,3.4,2.59
E14001267,Harlow,15.7,4.2,0.84,0.92,2,1.0,84.28,0.85,2.99,2.65,3.14,3.44,2.64
E14001344,Lowestoft,15.7,6.8,0.84,0.0,1,1.0,84.33,0.97,3.07,2.63,3.11,3.34,2.55
E14001455,Runcorn and Helsby,15.7,5.3,0.84,0.39,5,1.0,84.31,0.78,2.95,2.64,3.19,3.55,2.59
E14001487,South Holland and The Deepings,15.7,6.2,0.84,0.0,1,1.0,84.31,0.97,3.08,2.63,3.11,3.34,2.55
W07000089,Cardiff East,15.6,3.2,0.84,0.62,2,1.0,84.38,0.91,2.77,2.62,3.11,3.59,2.61
E14001491,South Ribble,15.5,5.9,0.83,0.08,3,1.0,84.51,0.97,3.05,2.59,3.07,3.31,2.51
E14001179,Corby and East Northamptonshire,15.4,4.6,0.83,0.0,1,1.0,84.57,0.94,3.03,2.6,3.06,3.28,2.51
W07000085,"Brecon, Radnor and Cwm Tawe",15.4,7.1,0.83,0.19,2,1.0,84.63,0.97,3.0,2.57,3.03,3.29,2.5
W07000100,Mid and South Pembrokeshire,15.1,6.4,0.83,0.51,2,1.0,84.9,0.77,2.85,2.6,3.02,3.39,2.48
E14001346,Luton South and South Bedfordshire,15.0,3.0,0.82,0.99,3,1.0,84.94,0.84,2.94,2.56,2.99,3.23,2.51
E14001222,Ellesmere Port and Bromborough,14.9,5.7,0.82,0.65,2,1.0,85.1,0.83,2.74,2.4,3.02,3.42,2.49
E14001095,Birmingham Hodge Hill and Solihull North,14.8,3.8,0.81,0.69,3,1.0,85.25,0.74,2.74,2.34,3.05,3.36,2.51
E14001206,Dunstable and Leighton Buzzard,14.7,4.3,0.81,1.0,1,1.0,85.25,0.84,2.92,2.53,2.93,3.13,2.4
E14001256,Great Yarmouth,14.7,5.9,0.81,1.0,1,1.0,85.25,0.84,2.92,2.53,2.93,3.13,2.4
E14001302,Ipswich,14.7,4.1,0.81,1.0,1,1.0,85.25,0.84,2.92,2.53,2.93,3.13,2.4
E14001318,Lancaster and Wyre,14.7,5.4,0.81,0.51,3,1.0,85.32,0.74,2.82,2.46,2.97,3.3,2.38
E14001345,Luton North,14.7,3.4,0.81,1.0,2,1.0,85.25,0.84,2.92,2.53,2.93,3.13,2.4
E14001425,Peterborough,14.7,3.8,0.81,1.0,1,1.0,85.25,0.84,2.92,2.53,2.93,3.13,2.4
E14001546,Thurrock,14.7,3.0,0.81,1.0,1,1.0,85.25,0.84,2.92,2.53,2.93,3.13,2.4
E14001407,Northampton South,14.0,3.7,0.79,0.68,4,1.0,86.06,0.73,2.68,2.4,2.76,3.1,2.28
W07000087,Caerfyrddin,14.0,6.1,0.79,0.68,2,1.0,85.95,0.74,2.68,2.42,2.78,3.13,2.3
E14001397,North Northumberland,13.9,6.6,0.78,0.22,2,1.0,86.12,0.82,2.77,2.34,2.77,2.94,2.24
E14001087,Beverley and Holderness,13.8,6.2,0.78,0.0,1,1.0,86.21,0.75,2.72,2.41,2.72,2.94,2.25
E14001135,Bristol South,13.8,3.1,0.79,0.99,2,1.0,86.14,0.76,2.68,2.4,2.72,2.99,2.31
W07000109,Torfaen,13.6,4.9,0.78,0.86,2,1.0,86.34,0.73,2.56,2.3,2.71,3.06,2.29
E14001411,Nottingham North and Kimberley,13.5,3.7,0.77,0.77,3,1.0,86.51,0.72,2.59,2.32,2.65,3.0,2.2
E14001426,Plymouth Moor View,13.5,4.6,0.78,1.0,2,1.0,86.47,0.75,2.65,2.37,2.66,2.89,2.21
E14001427,Plymouth Sutton and Devonport,13.5,3.1,0.78,1.0,1,1.0,86.47,0.75,2.65,2.37,2.66,2.89,2.21
E14001536,Swindon North,13.5,3.7,0.78,1.0,1,1.0,86.47,0.75,2.65,2.37,2.66,2.89,2.21
E14001377,Newcastle upon Tyne Central and West,13.3,3.9,0.76,0.44,3,1.0,86.75,0.78,2.65,2.19,2.67,2.82,2.14
E14001152,Carlisle,13.2,5.0,0.76,0.73,2,1.0,86.82,0.69,2.6,2.18,2.64,2.96,2.11
E14001583,Whitehaven and Workington,13.1,5.2,0.76,0.65,2,1.0,86.87,0.69,2.65,2.2,2.62,2.9,2.1
E14001601,Wyre Forest,13.1,5.3,0.76,0.0,1,1.0,86.92,0.74,2.53,2.31,2.54,2.82,2.14
E14001390,North East Cambridgeshire,13.0,4.8,0.76,0.0,1,1.0,87.01,0.74,2.5,2.29,2.52,2.81,2.13
E14001091,Birkenhead,12.9,4.2,0.75,0.83,2,1.0,87.16,0.71,2.52,2.09,2.57,2.89,2.08
E14001180,Coventry East,12.9,2.8,0.75,0.81,2,1.0,87.13,0.73,2.5,2.1,2.56,2.9,2.06
E14001433,Preston,12.9,3.5,0.75,0.74,3,1.0,87.07,0.67,2.58,2.15,2.59,2.89,2.07
E14001522,Stoke-on-Trent South,12.9,4.8,0.75,0.65,2,1.0,87.06,0.7,2.61,2.15,2.57,2.83,2.06
E14001362,Mid Derbyshire,12.8,5.2,0.75,0.94,2,1.0,87.27,0.7,2.45,2.17,2.49,2.82,2.09
E14001251,Gorton and Denton,12.7,2.8,0.75,0.87,4,1.0,87.28,0.66,2.49,2.07,2.53,2.9,2.09
E14001261,Halesowen,12.7,4.3,0.74,0.73,3,1.0,87.34,0.65,2.56,2.11,2.52,2.79,2.01
E14001513,Stafford,12.7,4.9,0.74,0.69,2,1.0,87.26,0.69,2.58,2.12,2.53,2.79,2.02
W07000103,Neath and Swansea East,12.6,4.5,0.75,0.92,4,1.0,87.37,0.7,2.44,2.18,2.45,2.8,2.05
E14001114,Boston and Skegness,12.5,5.1,0.74,0.9,2,1.0,87.49,0.69,2.45,2.16,2.42,2.75,2.02
E14001320,Leeds East,12.4,3.8,0.73,0.73,2,1.0,87.6,0.67,2.46,2.04,2.56,2.68,1.99
E14001471,Sherwood Forest,12.4,4.3,0.74,0.93,2,1.0,87.66,0.69,2.42,2.13,2.38,2.71,1.99
E14001315,Kingston upon Hull West and Haltemprice,12.3,4.1,0.73,0.67,2,1.0,87.7,0.72,2.48,2.02,2.51,2.62,1.96
E14001104,Blackpool North and Fleetwood,12.2,4.6,0.73,0.83,3,1.0,87.84,0.64,2.48,2.02,2.41,2.7,1.92
E14001311,Kettering,12.2,3.7,0.73,0.95,2,1.0,87.85,0.69,2.39,2.1,2.34,2.66,1.96
E14001379,Newcastle upon Tyne North,12.2,3.5,0.72,0.59,4,1.0,87.86,0.71,2.47,1.99,2.46,2.57,1.95
E14001406,Northampton North,12.2,3.3,0.73,0.99,3,1.0,87.88,0.69,2.38,2.09,2.34,2.67,1.96
E14001412,Nottingham South,12.2,2.5,0.73,0.97,3,1.0,87.86,0.69,2.39,2.1,2.34,2.67,1.96
E14001571,Wellingborough and Rushden,12.2,3.8,0.73,0.93,2,1.0,87.8,0.7,2.4,2.11,2.35,2.67,1.97
E14001422,Pendle and Clitheroe,12.1,4.0,0.72,0.7,2,1.0,87.88,0.67,2.5,2.02,2.38,2.63,1.92
E14001560,Wakefield and Rothwell,12.1,4.1,0.72,0.76,4,1.0,87.89,0.66,2.42,1.99,2.5,2.61,1.93
E14001066,Amber Valley,12.0,4.3,0.72,1.0,1,1.0,88.03,0.68,2.36,2.07,2.3,2.63,1.93
E14001068,Ashfield,12.0,4.2,0.72,1.0,2,1.0,88.03,0.68,2.36,2.07,2.3,2.63,1.93
E14001079,Bassetlaw,12.0,4.3,0.72,1.0,1,1.0,88.03,0.68,2.36,2.07,2.3,2.63,1.93
E14001109,Bolsover,12.0,4.0,0.72,1.0,1,1.0,88.03,0.68,2.36,2.07,2.3,2.63,1.93
E14001165,Chesterfield,12.0,4.3,0.72,1.0,1,1.0,88.03,0.68,2.36,2.07,2.3,2.63,1.93
E14001193,Derby North,12.0,3.3,0.72,1.0,1,1.0,88.03,0.68,2.36,2.07,2.3,2.63,1.93
E14001194,Derby South,12.0,2.7,0.72,1.0,1,1.0,88.03,0.68,2.36,2.07,2.3,2.63,1.93
E14001228,Erewash,12.0,3.9,0.72,1.0,1,1.0,88.03,0.68,2.36,2.07,2.3,2.63,1.93
E14001243,Gainsborough,12.0,4.9,0.72,1.0,1,1.0,88.03,0.68,2.36,2.07,2.3,2.63,1.93
E14001245,Gedling,12.0,4.0,0.72,1.0,2,1.0,88.03,0.68,2.36,2.07,2.3,2.63,1.93
E14001288,Hinckley and Bosworth,12.0,4.4,0.72,1.0,2,1.0,88.03,0.68,2.36,2.07,2.3,2.63,1.93
E14001326,Leicester East,12.0,2.9,0.72,1.0,1,1.0,88.03,0.68,2.36,2.07,2.3,2.63,1.93
E14001327,Leicester South,12.0,2.2,0.72,1.0,2,1.0,88.03,0.68,2.36,2.07,2.3,2.63,1.93
E14001328,Leicester West,12.0,2.2,0.72,1.0,2,1.0,88.03,0.68,2.36,2.07,2.3,2.63,1.93
E14001336,Lincoln,12.0,3.0,0.72,1.0,1,1.0,88.03,0.68,2.36,2.07,2.3,2.63,1.93
E14001355,Mansfield,12.0,3.9,0.72,1.0,1,1.0,88.03,0.68,2.36,2.07,2.3,2.63,1.93
E14001391,North East Derbyshire,12.0,4.8,0.72,1.0,1,1.0,88.03,0.68,2.36,2.07,2.3,2.63,1.93
E14001404,North West Leicestershire,12.0,3.9,0.72,1.0,1,1.0,88.03,0.68,2.36,2.07,2.3,2.63,1.93
E14001410,Nottingham East,12.0,1.9,0.72,1.0,2,1.0,88.03,0.68,2.36,2.07,2.3,2.63,1.93
E14001483,South Derbyshire,12.0,3.7,0.72,1.0,1,1.0,88.03,0.68,2.36,2.07,2.3,2.63,1.93
W07000081,Aberafan Maesteg,12.0,4.0,0.73,1.0,4,1.0,87.96,0.68,2.36,2.09,2.31,2.65,1.94
W07000082,Alyn and Deeside,12.0,4.1,0.73,1.0,2,1.0,87.96,0.68,2.36,2.09,2.31,2.65,1.94
W07000084,Blaenau Gwent and Rhymney,12.0,4.0,0.73,1.0,4,1.0,87.96,0.68,2.36,2.09,2.31,2.65,1.94
W07000086,Bridgend,12.0,4.2,0.73,1.0,2,1.0,87.96,0.68,2.36,2.09,2.31,2.65,1.94
W07000088,Caerphilly,12.0,4.0,0.73,1.0,2,1.0,87.96,0.68,2.36,2.09,2.31,2.65,1.94
W07000092,Cardiff West,12.0,3.4,0.73,1.0,2,1.0,87.96,0.68,2.36,2.09,2.31,2.65,1.94
W07000094,Clwyd East,12.0,4.7,0.73,1.0,4,1.0,87.96,0.68,2.36,2.09,2.31,2.65,1.94
W07000095,Clwyd North,12.0,5.1,0.73,1.0,2,1.0,87.96,0.68,2.36,2.09,2.31,2.65,1.94
W07000098,Llanelli,12.0,4.5,0.73,1.0,2,1.0,87.96,0.68,2.36,2.09,2.31,2.65,1.94
W07000099,Merthyr Tydfil and Aberdare,12.0,3.9,0.73,1.0,2,1.0,87.96,0.68,2.36,2.09,2.31,2.65,1.94
W07000104,Newport East,12.0,3.4,0.73,1.0,2,1.0,87.96,0.68,2.36,2.09,2.31,2.65,1.94
W07000105,Newport West and Islwyn,12.0,3.9,0.73,1.0,2,1.0,87.96,0.68,2.36,2.09,2.31,2.65,1.94
W07000106,Pontypridd,12.0,3.9,0.73,1.0,3,1.0,87.96,0.68,2.36,2.09,2.31,2.65,1.94
W07000107,Rhondda and Ogmore,12.0,4.1,0.73,1.0,3,1.0,87.96,0.68,2.36,2.09,2.31,2.65,1.94
W07000108,Swansea West,12.0,3.5,0.73,1.0,2,1.0,87.96,0.68,2.36,2.09,2.31,2.65,1.94
W07000111,Wrexham,12.0,4.1,0.73,1.0,2,1.0,87.96,0.68,2.36,2.09,2.31,2.65,1.94
E14001314,Kingston upon Hull North and Cottingham,11.9,3.6,0.72,0.72,4,1.0,88.03,0.7,2.43,1.96,2.44,2.54,1.9
E14001561,Wallasey,11.9,4.4,0.72,0.89,2,1.0,88.07,0.64,2.42,1.97,2.36,2.66,1.89
E14001199,Doncaster East and the Isle of Axholme,11.8,4.4,0.71,0.71,3,1.0,88.16,0.72,2.41,1.93,2.41,2.49,1.88
E14001339,Liverpool Walton,11.8,3.6,0.72,0.87,3,1.0,88.2,0.62,2.44,1.96,2.33,2.6,1.86
E14001441,Redditch,11.6,3.9,0.71,0.92,2,1.0,88.4,0.64,2.36,1.91,2.29,2.57,1.83
E14001514,Staffordshire Moorlands,11.6,5.0,0.71,0.86,2,1.0,88.37,0.63,2.4,1.92,2.3,2.55,1.82
E14001297,Huddersfield,11.5,3.3,0.7,0.82,2,1.0,88.49,0.64,2.34,1.89,2.37,2.46,1.83
E14001128,Brigg and Immingham,11.3,4.4,0.69,0.8,3,1.0,88.7,0.68,2.32,1.84,2.31,2.38,1.78
E14001543,The Wrekin,11.3,3.8,0.7,0.91,2,1.0,88.66,0.62,2.36,1.87,2.23,2.48,1.77
E14001462,Scunthorpe,11.2,3.9,0.69,0.81,2,1.0,88.74,0.68,2.31,1.83,2.3,2.37,1.78
E14001097,Birmingham Northfield,11.1,3.2,0.69,0.98,2,1.0,88.92,0.6,2.3,1.81,2.19,2.43,1.73
E14001100,Birmingham Yardley,11.1,2.5,0.69,0.98,4,1.0,88.88,0.6,2.3,1.82,2.19,2.45,1.74
E14001380,Newcastle-under-Lyme,11.1,3.7,0.69,0.95,2,1.0,88.88,0.61,2.32,1.83,2.19,2.43,1.73
E14001099,Birmingham Selly Oak,11.0,2.5,0.69,0.99,3,1.0,89.04,0.6,2.29,1.79,2.16,2.4,1.71
E14001185,Crewe and Nantwich,11.0,3.3,0.69,0.99,2,1.0,89.05,0.59,2.31,1.8,2.15,2.41,1.7
E14001538,Tamworth,11.0,3.7,0.69,0.96,2,1.0,89.01,0.61,2.3,1.8,2.16,2.4,1.71
E14001070,Ashton-under-Lyne,10.9,3.1,0.69,1.0,3,1.0,89.12,0.59,2.3,1.79,2.13,2.39,1.69
E14001076,Barrow and Furness,10.9,4.0,0.69,1.0,2,1.0,89.12,0.59,2.3,1.79,2.13,2.39,1.69
E14001102,Blackburn,10.9,2.5,0.69,1.0,2,1.0,89.12,0.59,2.3,1.79,2.13,2.39,1.69
E14001103,Blackley and Middleton South,10.9,2.1,0.69,1.0,3,1.0,89.12,0.59,2.3,1.79,2.13,2.39,1.69
E14001105,Blackpool South,10.9,3.7,0.69,1.0,2,1.0,89.12,0.59,2.3,1.79,2.13,2.39,1.69
E14001110,Bolton North East,10.9,3.1,0.69,1.0,3,1.0,89.12,0.59,2.3,1.79,2.13,2.39,1.69
E14001111,Bolton South and Walkden,10.9,2.8,0.69,1.0,2,1.0,89.12,0.59,2.3,1.79,2.13,2.39,1.69
E14001112,Bolton West,10.9,3.5,0.68,1.0,2,1.0,89.12,0.59,2.3,1.79,2.13,2.39,1.69
E14001113,Bootle,10.9,3.2,0.69,1.0,1,1.0,89.12,0.59,2.3,1.79,2.13,2.39,1.69
E14001142,Burnley,10.9,3.3,0.69,1.0,2,1.0,89.12,0.59,2.3,1.79,2.13,2.39,1.69
E14001144,Bury North,10.9,3.5,0.69,1.0,2,1.0,89.12,0.59,2.3,1.79,2.13,2.39,1.69
E14001145,Bury South,10.9,3.1,0.69,1.0,3,1.0,89.12,0.59,2.3,1.79,2.13,2.39,1.69
E14001170,Chorley,10.9,3.7,0.69,1.0,1,1.0,89.12,0.59,2.3,1.79,2.13,2.39,1.69
E14001286,Heywood and Middleton North,10.9,3.2,0.69,1.0,2,1.0,89.12,0.59,2.3,1.79,2.13,2.39,1.69
E14001299,Hyndburn,10.9,3.3,0.69,1.0,1,1.0,89.12,0.59,2.3,1.79,2.13,2.39,1.69
E14001317,Knowsley,10.9,3.1,0.69,1.0,3,1.0,89.12,0.59,2.3,1.79,2.13,2.39,1.69
E14001329,Leigh and Atherton,10.9,3.3,0.69,1.0,2,1.0,89.12,0.59,2.3,1.79,2.13,2.39,1.69
E14001337,Liverpool Garston,10.9,3.4,0.69,1.0,3,1.0,89.12,0.59,2.3,1.79,2.13,2.39,1.69
E14001338,Liverpool Riverside,10.9,2.1,0.69,1.0,2,1.0,89.12,0.59,2.3,1.79,2.13,2.39,1.69
E14001340,Liverpool Wavertree,10.9,2.2,0.69,1.0,2,1.0,89.12,0.59,2.3,1.79,2.13,2.39,1.69
E14001341,Liverpool West Derby,10.9,3.1,0.69,1.0,4,1.0,89.12,0.59,2.3,1.79,2.13,2.39,1.69
E14001350,Makerfield,10.9,3.7,0.69,1.0,2,1.0,89.12,0.59,2.3,1.79,2.13,2.39,1.69
E14001352,Manchester Central,10.9,2.0,0.69,1.0,3,1.0,89.12,0.59,2.3,1.79,2.13,2.39,1.69
E14001353,Manchester Rusholme,10.9,1.3,0.69,1.0,2,1.0,89.12,0.59,2.3,1.79,2.13,2.39,1.69
E14001415,Oldham East and Saddleworth,10.9,3.2,0.69,1.0,1,1.0,89.12,0.59,2.3,1.79,2.13,2.39,1.69
E14001416,"Oldham West, Chadderton and Royton",10.9,2.7,0.69,1.0,2,1.0,89.12,0.59,2.3,1.79,2.13,2.39,1.69
E14001446,Rochdale,10.9,2.8,0.69,1.0,1,1.0,89.12,0.59,2.3,1.79,2.13,2.39,1.69
E14001450,Rossendale and Darwen,10.9,3.4,0.69,1.0,2,1.0,89.12,0.59,2.3,1.79,2.13,2.39,1.69
E14001459,Salford,10.9,1.9,0.69,1.0,2,1.0,89.12,0.59,2.3,1.79,2.13,2.39,1.69
E14001509,St Helens North,10.9,3.7,0.69,1.0,1,1.0,89.12,0.59,2.3,1.79,2.13,2.39,1.69
E14001510,St Helens South and Whiston,10.9,3.5,0.69,1.0,1,1.0,89.12,0.59,2.3,1.79,2.13,2.39,1.69
E14001515,Stalybridge and Hyde,10.9,3.2,0.69,1.0,2,1.0,89.12,0.59,2.3,1.79,2.13,2.39,1.69
E14001528,Stretford and Urmston,10.9,2.9,0.69,1.0,2,1.0,89.12,0.59,2.3,1.79,2.13,2.39,1.69
E14001564,Warrington North,10.9,3.6,0.69,1.0,1,1.0,89.12,0.59,2.3,1.79,2.13,2.39,1.69
E14001584,Widnes and Halewood,10.9,3.4,0.69,1.0,4,1.0,89.12,0.59,2.3,1.79,2.13,2.39,1.69
E14001585,Wigan,10.9,3.4,0.69,1.0,1,1.0,89.12,0.59,2.3,1.79,2.13,2.39,1.69
E14001594,Wolverhampton North East,10.9,3.0,0.69,0.98,3,1.0,89.07,0.6,2.29,1.8,2.15,2.4,1.7
E14001598,Worsley and Eccles,10.9,2.7,0.69,1.0,3,1.0,89.12,0.59,2.3,1.79,2.13,2.39,1.69
E14001602,Wythenshawe and Sale East,10.9,2.8,0.69,1.0,1,1.0,89.12,0.59,2.3,1.79,2.13,2.39,1.69
E14001064,Aldridge-Brownhills,10.8,3.8,0.68,1.0,2,1.0,89.21,0.59,2.27,1.77,2.12,2.36,1.67
E14001093,Birmingham Erdington,10.8,2.5,0.68,1.0,2,1.0,89.21,0.59,2.27,1.77,2.12,2.36,1.67
E14001094,Birmingham Hall Green and Moseley,10.8,2.2,0.68,1.0,3,1.0,89.21,0.59,2.27,1.77,2.12,2.36,1.67
E14001096,Birmingham Ladywood,10.8,1.4,0.68,1.0,3,1.0,89.21,0.59,2.27,1.77,2.12,2.36,1.67
E14001098,Birmingham Perry Barr,10.8,2.1,0.68,1.0,4,1.0,89.21,0.59,2.27,1.77,2.12,2.36,1.67
E14001143,Burton and Uttoxeter,10.8,3.3,0.68,1.0,2,1.0,89.19,0.59,2.27,1.78,2.12,2.36,1.67
E14001150,Cannock Chase,10.8,3.5,0.68,1.0,1,1.0,89.21,0.59,2.27,1.77,2.12,2.36,1.67
E14001181,Coventry North West,10.8,3.0,0.68,1.0,1,1.0,89.21,0.59,2.27,1.77,2.12,2.36,1.67
E14001204,Dudley,10.8,3.2,0.68,1.0,3,1.0,89.21,0.59,2.27,1.77,2.12,2.36,1.67
E14001400,North Warwickshire and Bedworth,10.8,3.8,0.68,1.0,1,1.0,89.21,0.59,2.27,1.77,2.12,2.36,1.67
E14001413,Nuneaton,10.8,3.2,0.68,1.0,1,1.0,89.21,0.59,2.27,1.77,2.12,2.36,1.67
E14001478,Smethwick,10.8,2.5,0.68,1.0,3,1.0,89.21,0.59,2.27,1.77,2.12,2.36,1.67
E14001520,Stoke-on-Trent Central,10.8,2.9,0.68,1.0,3,1.0,89.21,0.59,2.27,1.77,2.12,2.36,1.67
E14001521,Stoke-on-Trent North,10.8,3.3,0.68,1.0,3,1.0,89.21,0.59,2.27,1.77,2.12,2.36,1.67
E14001541,Telford,10.8,3.0,0.68,1.0,2,1.0,89.21,0.59,2.27,1.77,2.12,2.36,1.67
E14001547,Tipton and Wednesbury,10.8,2.7,0.68,1.0,3,1.0,89.21,0.59,2.27,1.77,2.12,2.36,1.67
E14001562,Walsall and Bloxwich,10.8,2.8,0.68,1.0,2,1.0,89.21,0.59,2.27,1.77,2.12,2.36,1.67
E14001574,West Bromwich,10.8,2.9,0.68,1.0,4,1.0,89.21,0.59,2.27,1.77,2.12,2.36,1.67
E14001595,Wolverhampton South East,10.8,2.8,0.68,1.0,4,1.0,89.21,0.59,2.27,1.77,2.12,2.36,1.67
E14001262,Halifax,10.5,3.1,0.67,0.95,2,1.0,89.46,0.61,2.18,1.7,2.17,2.22,1.65
E14001467,Sheffield Central,10.4,1.5,0.67,0.99,2,1.0,89.6,0.6,2.15,1.67,2.15,2.2,1.64
E14001604,York Central,10.4,2.4,0.67,0.98,2,1.0,89.54,0.61,2.15,1.68,2.16,2.21,1.65
E14001183,Cramlington and Killingworth,10.3,3.6,0.66,0.86,4,1.0,89.72,0.57,2.16,1.67,2.1,2.15,1.62
E14001074,Barnsley North,10.1,3.1,0.66,1.0,2,1.0,89.86,0.6,2.12,1.63,2.09,2.12,1.58
E14001075,Barnsley South,10.1,3.3,0.66,1.0,3,1.0,89.86,0.6,2.12,1.63,2.09,2.12,1.58
E14001118,Bradford East,10.1,1.9,0.66,1.0,2,1.0,89.86,0.6,2.12,1.63,2.09,2.12,1.58
E14001119,Bradford South,10.1,2.6,0.66,1.0,1,1.0,89.86,0.6,2.12,1.63,2.09,2.12,1.58
E14001120,Bradford West,10.1,1.9,0.66,1.0,1,1.0,89.86,0.6,2.12,1.63,2.09,2.12,1.58
E14001196,Dewsbury and Batley,10.1,3.0,0.66,1.0,2,1.0,89.86,0.6,2.12,1.63,2.09,2.12,1.58
E14001198,Doncaster Central,10.1,3.0,0.66,1.0,2,1.0,89.86,0.6,2.12,1.63,2.09,2.12,1.58
E14001200,Doncaster North,10.1,3.3,0.66,1.0,2,1.0,89.86,0.6,2.12,1.63,2.09,2.12,1.58
E14001255,Great Grimsby and Cleethorpes,10.1,3.5,0.66,1.0,2,1.0,89.86,0.6,2.12,1.63,2.09,2.12,1.58
E14001313,Kingston upon Hull East,10.1,3.1,0.66,1.0,2,1.0,89.86,0.6,2.12,1.63,2.09,2.12,1.58
E14001323,Leeds South,10.1,1.4,0.66,1.0,2,1.0,89.86,0.6,2.12,1.63,2.09,2.12,1.58
E14001324,Leeds South West and Morley,10.1,2.8,0.66,1.0,3,1.0,89.86,0.6,2.12,1.63,2.09,2.12,1.58
E14001325,Leeds West and Pudsey,10.1,2.8,0.66,1.0,3,1.0,89.86,0.6,2.12,1.63,2.09,2.12,1.58
E14001383,Normanton and Hemsworth,10.1,3.3,0.66,1.0,2,1.0,89.86,0.6,2.12,1.63,2.09,2.12,1.58
E14001418,Ossett and Denby Dale,10.1,3.1,0.66,1.0,3,1.0,89.86,0.6,2.12,1.63,2.09,2.12,1.58
E14001423,Penistone and Stocksbridge,10.1,4.1,0.66,1.0,1,1.0,89.86,0.6,2.12,1.63,2.09,2.12,1.58
E14001428,"Pontefract, Castleford and Knottingley",10.1,3.0,0.66,1.0,1,1.0,89.86,0.6,2.12,1.63,2.09,2.12,1.58
E14001436,Rawmarsh and Conisbrough,10.1,3.4,0.66,1.0,3,1.0,89.86,0.6,2.12,1.63,2.09,2.12,1.58
E14001451,Rother Valley,10.1,3.6,0.66,1.0,2,1.0,89.86,0.6,2.12,1.63,2.09,2.12,1.58
E14001452,Rotherham,10.1,3.0,0.66,1.0,3,1.0,89.86,0.6,2.12,1.63,2.09,2.12,1.58
E14001466,Sheffield Brightside and Hillsborough,10.1,2.5,0.66,1.0,3,1.0,89.86,0.6,2.12,1.63,2.09,2.12,1.58
E14001469,Sheffield Heeley,10.1,2.9,0.66,1.0,2,1.0,89.86,0.6,2.12,1.63,2.09,2.12,1.58
E14001470,Sheffield South East,10.1,3.2,0.66,1.0,2,1.0,89.86,0.6,2.12,1.63,2.09,2.12,1.58
E14001506,Spen Valley,10.1,2.9,0.66,1.0,3,1.0,89.86,0.6,2.12,1.63,2.09,2.12,1.58
E14001101,Bishop Auckland,9.1,3.4,0.62,1.0,2,1.0,90.89,0.52,1.97,1.46,1.87,1.87,1.42
E14001106,Blaydon and Consett,9.1,3.5,0.62,1.0,2,1.0,90.89,0.52,1.97,1.46,1.87,1.87,1.42
E14001107,Blyth and Ashington,9.1,3.4,0.62,1.0,2,1.0,90.89,0.52,1.97,1.46,1.87,1.87,1.42
E14001173,City of Durham,9.1,2.8,0.62,1.0,2,1.0,90.89,0.52,1.97,1.46,1.87,1.87,1.42
E14001190,Darlington,9.1,3.1,0.62,1.0,2,1.0,90.89,0.52,1.97,1.46,1.87,1.87,1.42
E14001211,Easington,9.1,3.1,0.62,1.0,2,1.0,90.89,0.52,1.97,1.46,1.87,1.87,1.42
E14001244,Gateshead Central and Whickham,9.1,2.8,0.62,1.0,2,1.0,90.89,0.52,1.97,1.46,1.87,1.87,1.42
E14001272,Hartlepool,9.1,3.0,0.62,1.0,1,1.0,90.89,0.52,1.97,1.46,1.87,1.87,1.42
E14001295,Houghton and Sunderland South,9.1,3.2,0.62,1.0,2,1.0,90.89,0.52,1.97,1.46,1.87,1.87,1.42
E14001307,Jarrow and Gateshead East,9.1,3.1,0.62,1.0,2,1.0,90.89,0.52,1.97,1.46,1.87,1.87,1.42
E14001367,Middlesbrough and Thornaby East,9.1,2.4,0.62,1.0,3,1.0,90.89,0.52,1.97,1.46,1.87,1.87,1.42
E14001368,Middlesbrough South and East Cleveland,9.1,3.4,0.62,1.0,2,1.0,90.89,0.52,1.97,1.46,1.87,1.87,1.42
E14001378,Newcastle upon Tyne East and Wallsend,9.1,2.4,0.62,1.0,2,1.0,90.89,0.52,1.97,1.46,1.87,1.87,1.42
E14001382,Newton Aycliffe and Spennymoor,9.1,3.3,0.62,1.0,3,1.0,90.89,0.52,1.97,1.46,1.87,1.87,1.42
E14001389,North Durham,9.1,3.3,0.62,1.0,2,1.0,90.89,0.52,1.97,1.46,1.87,1.87,1.42
E14001440,Redcar,9.1,3.4,0.62,1.0,2,1.0,90.89,0.52,1.97,1.46,1.87,1.87,1.42
E14001492,South Shields,9.1,3.2,0.62,1.0,2,1.0,90.89,0.52,1.97,1.46,1.87,1.87,1.42
E14001518,Stockton North,9.1,2.9,0.62,1.0,2,1.0,90.89,0.52,1.97,1.46,1.87,1.87,1.42
E14001519,Stockton West,9.1,3.0,0.62,1.0,3,1.0,90.89,0.52,1.97,1.46,1.87,1.87,1.42
E14001531,Sunderland Central,9.1,2.9,0.62,1.0,1,1.0,90.89,0.52,1.97,1.46,1.87,1.87,1.42
E14001567,Washington and Gateshead South,9.1,3.3,0.62,1.0,3,1.0,90.89,0.52,1.97,1.46,1.87,1.87,1.42
